,bldgclass,bldgarea,officearea,retailarea,resarea,comarea,unitstotal,assesstot,longitude,latitude,Cluster
32,RC,462377.0,455733.0,6644.0,0.0,462377.0,30.0,43605009.0,-74.00512890000002,40.7063613,2
33,RC,744146.0,697701.0,46445.0,0.0,744146.0,36.0,79710304.0,-74.00437149999999,40.7068609,1
157,R4,404693.0,0.0,0.0,404693.0,0.0,246.0,67828953.0,-73.9774931,40.7613751,0
394,O4,1642675.0,1597675.0,45000.0,0.0,1642675.0,2.0,351934650.0,-73.9857642,40.756021399999995,3
424,R4,396613.0,0.0,0.0,396613.0,0.0,117.0,90835087.0,-73.98056700000001,40.7669584,0
425,R4,396861.0,0.0,0.0,396861.0,0.0,343.0,61250858.0,-73.984262,40.774221600000004,0
439,O4,1617206.0,1607206.0,10000.0,0.0,1617206.0,1.0,181755900.0,-74.0085048,40.7062404,3
491,RM,133983.0,0.0,7128.0,126855.0,7128.0,153.0,24811671.0,-73.9793172,40.757540999999996,0
857,RM,457946.0,0.0,5595.0,415831.0,42115.0,487.0,58536314.0,-73.97183620000001,40.745155100000005,0
960,W6,1260362.0,3587.0,0.0,0.0,16387.0,2.0,86879250.0,-73.99795429999999,40.7267934,0
1070,RM,588459.0,0.0,148726.0,336871.0,251588.0,371.0,82187865.0,-73.9667518,40.7947101,0
1976,O4,810426.0,792332.0,18094.0,0.0,810426.0,74.0,192125700.0,-73.9755455,40.756623499999996,1
1977,O4,836660.0,788630.0,10050.0,0.0,836660.0,102.0,130972050.0,-73.9753936,40.7573701,1
2455,RM,344963.0,0.0,2956.0,342007.0,2956.0,234.0,49054537.0,-74.01709620000001,40.7062284,0
2458,RH,163935.0,,,,,3.0,16586551.0,-74.0059696,40.710451,0
2477,R4,116680.0,0.0,0.0,116680.0,0.0,98.0,10147043.0,-74.00476809999999,40.7054995,0
2875,RH,665696.0,0.0,159101.0,0.0,169110.0,290.0,139162329.0,-73.9811849,40.7647188,0
2967,D6,437396.0,0.0,1844.0,326189.0,3963.0,246.0,75136050.0,-73.9918044,40.7726771,0
3131,D4,2046455.0,0.0,41031.0,1841504.0,204951.0,1604.0,70344900.0,-73.9376821,40.7908856,0
3316,RM,453533.0,99928.0,13105.0,284161.0,169372.0,231.0,60348125.0,-73.9697572,40.7617109,0
3421,RM,425743.0,0.0,11772.0,374223.0,51520.0,546.0,57502006.0,-73.9542451,40.773327,0
3528,O4,300676.0,279778.0,20398.0,0.0,300676.0,66.0,21637800.0,-74.0124398,40.7062318,2
3647,D6,194212.0,0.0,4000.0,190212.0,4000.0,199.0,16419150.0,-73.9464012,40.7803996,0
3680,RM,228309.0,0.0,2893.0,225416.0,2893.0,309.0,26712451.0,-73.9590406,40.7425191,0
3957,D6,938324.0,0.0,26805.0,879019.0,59305.0,618.0,70149600.0,-73.96079820000001,40.76687929999999,0
4034,RM,199371.0,0.0,4964.0,182817.0,16554.0,153.0,33600160.0,-73.96607,40.7576559,0
4043,RM,316572.0,0.0,31534.0,212800.0,31534.0,168.0,83192419.0,-73.9838129,40.750098,0
4239,HS,85706.0,,,,,1.0,11849850.0,-73.9929543,40.756324,0
4303,O4,2907315.0,0.0,4800.0,0.0,7200.0,58.0,253884150.0,-74.00010470000001,40.7545346,0
5265,RM,451749.0,3748.0,0.0,422468.0,29281.0,263.0,83209513.0,-73.990786,40.774488500000004,0
5473,RM,152211.0,0.0,7089.0,144154.0,8057.0,113.0,21367347.0,-73.9655917,40.7541727,0
5834,RM,314041.0,0.0,11642.0,302399.0,11642.0,218.0,19541250.0,-73.9668862,40.7930523,0
5958,D6,434418.0,0.0,12140.0,407878.0,26540.0,443.0,48875850.0,-74.0059773,40.715819700000004,0
6413,D4,441063.0,0.0,0.0,403584.0,37479.0,275.0,28846800.0,-73.9941036,40.698181899999994,0
7798,O4,542584.0,537584.0,5000.0,0.0,542584.0,103.0,96549750.0,-73.9796362,40.7648421,2
7799,D6,190289.0,0.0,5708.0,184581.0,5708.0,217.0,23948550.0,-73.98496490000001,40.763218,0
7891,RM,378474.0,0.0,94447.0,252825.0,125649.0,271.0,52873684.0,-73.9606793,40.7603742,0
7935,H1,536719.0,0.0,320.0,0.0,17974.0,9.0,62364150.0,-73.9784812,40.7642627,0
7936,D4,400000.0,1900.0,0.0,358100.0,41900.0,277.0,43008750.0,-73.979753,40.7723984,0
8226,H3,103133.0,,,,,271.0,15340050.0,-73.9917308,40.755261700000005,0
8279,RM,169384.0,0.0,0.0,134399.0,34985.0,174.0,22512605.0,-73.9706887,40.7530844,0
8302,RM,197109.0,0.0,0.0,174640.0,22469.0,176.0,32305947.0,-73.96714940000001,40.757324100000005,0
8307,O4,671734.0,580690.0,8000.0,0.0,645977.0,55.0,96242400.0,-73.98787359999999,40.7477737,2
8323,RM,354089.0,117256.0,0.0,222093.0,131996.0,231.0,54142651.0,-73.9523729,40.7912302,0
8335,D8,568001.0,0.0,6174.0,495827.0,72174.0,456.0,66402450.0,-73.98334090000002,40.7755664,0
10844,O4,118587.0,108587.0,10000.0,0.0,118587.0,38.0,23260050.0,-73.97643199999999,40.750459,0
11026,RD,186643.0,0.0,0.0,186643.0,0.0,43.0,63428415.0,-73.9700052,40.764055,0
11045,RM,473783.0,0.0,4917.0,326067.0,147716.0,462.0,90285430.0,-73.99014,40.748723600000005,0
11366,H1,294142.0,0.0,11040.0,0.0,35520.0,259.0,49350150.0,-73.96299259999999,40.7743814,0
11450,D8,222001.0,15000.0,8500.0,198500.0,23500.0,194.0,25842150.0,-74.006752,40.7070831,0
11481,D8,627300.0,0.0,9407.0,598366.0,28964.0,652.0,82865250.0,-74.0069324,40.7074097,0
12054,O4,788241.0,767504.0,20737.0,0.0,788241.0,46.0,58251600.0,-74.006745,40.7087739,1
13038,O4,442042.0,409090.0,32952.0,0.0,442042.0,86.0,39505500.0,-73.9812175,40.751538599999996,2
13194,D7,680000.0,0.0,5000.0,625000.0,55000.0,611.0,49800600.0,-73.94813959999999,40.796805600000006,0
13215,D7,1192139.0,0.0,39269.0,1072827.0,119312.0,1033.0,162364950.0,-73.9926712,40.7704347,0
13664,RM,523677.0,0.0,0.0,229060.0,5067.0,117.0,69166676.0,-74.0175252,40.7055724,0
13903,D4,552840.0,0.0,0.0,276420.0,0.0,498.0,16404750.0,-73.8508422,40.7283464,0
14538,RM,228246.0,0.0,11454.0,200380.0,27866.0,318.0,28926450.0,-73.9849672,40.6889559,0
16465,D6,455173.0,14183.0,5245.0,400345.0,54828.0,476.0,58842000.0,-73.95669140000001,40.770262100000004,0
16642,O4,361710.0,348615.0,12000.0,0.0,361710.0,76.0,25300800.0,-74.0118516,40.7043105,2
16941,RZ,122016.0,0.0,0.0,118183.0,3833.0,109.0,9978745.0,-73.9786355,40.68825220000001,0
18553,D7,510050.0,0.0,6543.0,451733.0,58317.0,445.0,17667900.0,-73.9617481,40.73467279999999,0
19935,H1,73497.0,0.0,1700.0,0.0,1700.0,1.0,8379000.0,-73.99070329999999,40.746283500000004,0
20968,D8,307000.0,0.0,0.0,307000.0,0.0,234.0,29385450.0,-73.9598638,40.7599485,0
21164,O4,596734.0,544314.0,9000.0,0.0,596734.0,29.0,81850950.0,-73.9693165,40.7622186,2
21535,O4,527605.0,510895.0,16710.0,0.0,527605.0,52.0,30641400.0,-74.0078016,40.707085799999994,2
22690,O4,927829.0,855860.0,21291.0,0.0,927829.0,65.0,131844150.0,-73.979359,40.750745,1
22723,D4,111231.0,0.0,2248.0,95983.0,15248.0,43.0,13135950.0,-73.9614135,40.776692,0
22859,D7,201100.0,0.0,940.0,200160.0,940.0,169.0,6331050.0,-73.8846033,40.846439000000004,0
23679,RM,198816.0,12237.0,7045.0,157458.0,41358.0,176.0,27099447.0,-73.97635129999999,40.7644572,0
24058,O4,278921.0,263221.0,15700.0,0.0,278921.0,25.0,64328850.0,-73.9696052,40.7625398,2
28800,RM,1103169.0,696646.0,159596.0,246927.0,856242.0,109.0,402504766.0,-73.96763100000001,40.761575799999996,1
28835,RM,583015.0,8873.0,109625.0,427598.0,155417.0,291.0,102382672.0,-73.97179679999999,40.7615001,0
28861,RM,185600.0,10750.0,0.0,174832.0,10768.0,107.0,20225703.0,-73.9630135,40.7561508,0
28923,RC,532225.0,0.0,6095.0,0.0,12164.0,3.0,84064501.0,-73.9712766,40.7623206,0
28934,RD,139973.0,1047.0,0.0,136587.0,3386.0,96.0,17216565.0,-73.96917890000002,40.763217600000004,0
28952,RM,149564.0,0.0,8065.0,135466.0,14098.0,149.0,24068443.0,-74.0068567,40.7081426,0
28956,RM,214757.0,0.0,0.0,29013.0,0.0,12.0,52419262.0,-73.9919837,40.7230246,0
28961,RC,306964.0,252715.0,12767.0,0.0,306964.0,85.0,50950283.0,-73.9659896,40.7525205,2
28997,RM,582673.0,9739.0,4746.0,487413.0,95260.0,255.0,54444600.0,-73.9566686,40.7829675,0
29019,RM,245794.0,0.0,30974.0,213782.0,32012.0,150.0,46147512.0,-73.97009940000001,40.763278299999996,0
29021,RM,339019.0,0.0,9744.0,280112.0,58907.0,276.0,49865921.0,-73.95418670000001,40.779478000000005,0
29022,RM,164587.0,0.0,24760.0,130061.0,34526.0,95.0,32291563.0,-73.95977579999999,40.7800729,0
29024,RM,490810.0,64454.0,0.0,379134.0,111676.0,482.0,56172335.0,-73.9479718,40.7851295,0
29030,RM,221576.0,0.0,2579.0,189754.0,31822.0,255.0,29627559.0,-73.95240229999999,40.7805093,0
29033,RM,158477.0,0.0,1891.0,142626.0,15851.0,159.0,19439075.0,-74.005634,40.708373200000004,0
29057,RM,355980.0,0.0,1278.0,326337.0,29643.0,798.0,61101899.0,-74.0150285,40.717718299999994,0
29486,D8,355978.0,40560.0,0.0,296598.0,59380.0,234.0,77761350.0,-73.97142690000001,40.7655046,0
29571,D4,364623.0,0.0,0.0,364173.0,450.0,211.0,39258000.0,-73.9569363,40.78221,0
40226,O4,1073000.0,1049755.0,23245.0,0.0,1073000.0,57.0,78511500.0,-74.0079821,40.708658500000006,1
40246,D6,424448.0,50000.0,7000.0,0.0,57000.0,246.0,38050200.0,-74.0063446,40.7091115,0
40272,O4,493039.0,486568.0,6471.0,0.0,493039.0,41.0,42336000.0,-74.0071418,40.709322799999995,2
40315,O4,296915.0,264713.0,32202.0,0.0,296915.0,62.0,93264750.0,-73.9713275,40.7614945,2
62713,RM,236322.0,4713.0,36651.0,194958.0,41364.0,232.0,30162604.0,-73.9640026,40.7560029,0
63680,D4,460973.0,0.0,0.0,366519.0,94454.0,79.0,44264700.0,-73.96311180000001,40.7546385,0
63689,HS,105734.0,,,,,125.0,8163900.0,-73.9619835,40.7584698,0
63717,D6,312417.0,2600.0,0.0,263816.0,48601.0,295.0,28080900.0,-73.9636964,40.754935100000004,0
63726,D7,445735.0,0.0,272.0,376511.0,36722.0,396.0,74514600.0,-73.96353,40.7556762,0
63783,D6,261782.0,0.0,8600.0,231720.0,29430.0,187.0,23681700.0,-73.9504413,40.7759879,0
64589,D6,329850.0,0.0,35531.0,294319.0,35531.0,387.0,32594850.0,-73.9492396,40.7846799,0
64602,D8,333280.0,0.0,0.0,300602.0,0.0,365.0,25560900.0,-73.9754972,40.681966100000004,0
64637,D6,790392.0,0.0,72908.0,717484.0,72908.0,754.0,22882050.0,-73.97417370000001,40.6827178,0
64680,D6,72071.0,0.0,3961.0,541233.0,58807.0,184.0,11062350.0,-73.9784056,40.7617523,0
67107,D6,225000.0,0.0,15185.0,209815.0,15185.0,404.0,17928000.0,-73.9860432,40.7162445,0
67392,D8,158063.0,0.0,1446.0,156617.0,1446.0,145.0,19303650.0,-73.96862790000002,40.7604014,0
67421,O4,570453.0,346333.0,186460.0,0.0,570453.0,144.0,80525250.0,-73.96792370000001,40.7610352,2
67457,D3,259670.0,0.0,0.0,7260.0,0.0,155.0,12433950.0,-73.96127249999999,40.7582445,0
67492,O4,386287.0,339607.0,22680.0,0.0,386287.0,41.0,64124100.0,-73.9682622,40.7626684,2
67494,D4,312646.0,0.0,7902.0,272079.0,40567.0,183.0,37465650.0,-73.9657675,40.7632523,0
67719,D6,242157.0,0.0,3000.0,216762.0,25396.0,281.0,28366200.0,-73.9503412,40.784370200000005,0
67783,D7,256810.0,0.0,34700.0,222110.0,34700.0,257.0,33487200.0,-73.95346500000001,40.7788848,0
67798,RM,246858.0,0.0,22434.0,224424.0,22434.0,108.0,45243032.0,-73.9497095,40.7841037,0
67871,RM,159512.0,0.0,4030.0,155482.0,4030.0,83.0,10826998.0,-73.9483848,40.7787317,0
67984,RM,96420.0,0.0,2022.0,94398.0,2022.0,89.0,15457951.0,-73.9499145,40.7755649,0
68486,D6,968264.0,0.0,98775.0,810024.0,158240.0,1097.0,94179150.0,-73.9482505,40.7842595,0
71037,D9,509090.0,4875.0,3375.0,500840.0,8250.0,526.0,54751050.0,-73.9496288,40.785712100000005,0
75770,D7,844578.0,30000.0,15900.0,631178.0,213400.0,589.0,32082750.0,-73.9147422,40.8786797,0
87209,D4,272000.0,0.0,0.0,272000.0,0.0,244.0,10835550.0,-73.8497698,40.7286881,0
92726,D7,342705.0,0.0,0.0,316320.0,26385.0,322.0,10603350.0,-73.8245437,40.7529518,0
104634,D4,3750565.0,0.0,115000.0,2690565.0,1060000.0,1866.0,155994300.0,-73.71421529999999,40.7567794,2
125449,RM,138506.0,0.0,9115.0,122541.0,15965.0,122.0,31625107.0,-73.9826382,40.7705132,0
125470,RM,322451.0,2761.0,0.0,276505.0,45946.0,343.0,46685711.0,-73.98692890000001,40.7803043,0
126949,O4,397354.0,267046.0,130308.0,0.0,397354.0,41.0,83303100.0,-73.96936740000001,40.7613869,2
126950,H7,515755.0,18897.0,0.0,0.0,18897.0,4.0,56063250.0,-73.9716797,40.7650874,0
127224,D4,384646.0,0.0,0.0,358276.0,26370.0,317.0,38443050.0,-73.9478852,40.775879700000004,0
127235,D4,325173.0,0.0,10000.0,315173.0,10000.0,236.0,38385900.0,-73.9686484,40.762811299999996,0
127308,O4,712000.0,641493.0,39807.0,0.0,712000.0,43.0,173005200.0,-73.9763588,40.7635487,2
127311,O4,1698259.0,1305260.0,18500.0,0.0,1383760.0,31.0,530128800.0,-73.9749905,40.763886,1
127313,H1,442000.0,0.0,1174.0,0.0,24862.0,4.0,54757350.0,-73.9753801,40.7648111,0
127316,O4,459340.0,393244.0,66076.0,0.0,459340.0,55.0,112709700.0,-73.97318220000001,40.76324879999999,2
127785,D7,81100.0,0.0,2554.0,73546.0,7554.0,111.0,9350550.0,-73.9530288,40.777935,0
127788,D6,510306.0,17688.0,12492.0,435114.0,75192.0,418.0,72144450.0,-73.95283979999999,40.7796147,0
127792,D4,218170.0,0.0,5000.0,213170.0,5000.0,202.0,21384450.0,-73.952051,40.7768641,0
128222,RM,302439.0,0.0,8183.0,264449.0,37990.0,212.0,37218631.0,-73.95496259999999,40.7855222,0
128308,RM,149171.0,0.0,7316.0,141855.0,7316.0,143.0,23308212.0,-73.94717709999999,40.7763542,0
129658,O4,322756.0,319469.0,13131.0,0.0,332600.0,12.0,74074500.0,-73.9718289,40.762348200000005,2
131635,D8,541000.0,0.0,12000.0,529000.0,12000.0,579.0,58627800.0,-74.0047358,40.7074098,0
131636,O4,296076.0,281076.0,15000.0,0.0,296076.0,98.0,14706000.0,-74.0055546,40.707763899999996,2
131637,D6,487950.0,0.0,10031.0,477919.0,10031.0,573.0,60690150.0,-74.0055437,40.706995299999996,0
131653,D7,338463.0,0.0,7905.0,330558.0,7905.0,418.0,39686400.0,-74.0058936,40.7074674,0
131682,H2,114226.0,0.0,1500.0,0.0,1500.0,2.0,14818500.0,-74.0065068,40.7073905,0
131688,H2,148868.0,0.0,1500.0,0.0,1500.0,2.0,28955700.0,-74.0063156,40.70721760000001,0
133422,H2,119889.0,0.0,1.0,0.0,1.0,2.0,20632050.0,-74.0079643,40.7106348,0
133423,O4,756138.0,726138.0,30000.0,0.0,756138.0,68.0,87223500.0,-74.00839,40.710870799999995,1
134427,RM,407751.0,47547.0,4530.0,337470.0,70281.0,249.0,57322824.0,-74.01696290000001,40.706975,0
134440,RM,251929.0,6885.0,0.0,244465.0,7464.0,303.0,40938298.0,-74.01659520000001,40.707622799999996,0
134441,RM,377325.0,0.0,14536.0,297625.0,79700.0,282.0,73411851.0,-74.01475390000002,40.7159726,0
135790,RM,203837.0,1177.0,0.0,202660.0,1177.0,246.0,36971553.0,-74.01805999999999,40.7090773,0
135824,H2,139891.0,0.0,2000.0,0.0,2000.0,1.0,14813550.0,-74.0050711,40.705746500000004,0
143266,RM,324293.0,0.0,0.0,80457.0,9512.0,14.0,94093869.0,-73.9760405,40.7652476,0
143281,RM,101335.0,0.0,0.0,100242.0,1093.0,98.0,22414506.0,-73.9535472,40.7800294,0
143775,RM,100343.0,0.0,9282.0,91061.0,9282.0,111.0,15809859.0,-73.96279,40.7622029,0
144100,D8,356786.0,0.0,0.0,334939.0,21847.0,294.0,50614650.0,-74.0161357,40.716573600000004,0
146148,Z5,2400000.0,2400000.0,0.0,0.0,2400000.0,0.0,295458750.0,-73.9674669,40.750349799999995,3
146941,D4,524895.0,6000.0,0.0,478895.0,46000.0,410.0,17986500.0,-73.83956500000001,40.7202507,0
149797,D7,182499.0,30000.0,5000.0,147499.0,35000.0,171.0,18832950.0,-74.0073692,40.710876299999995,0
149895,O4,1824820.0,1697062.0,86352.0,0.0,1824820.0,1.0,769333500.0,-73.9724348,40.76360820000001,3
150651,RD,289251.0,0.0,0.0,287833.0,1418.0,167.0,40987358.0,-74.0158328,40.7172708,0
150653,RM,507070.0,0.0,1453.0,409834.0,97236.0,253.0,65947513.0,-74.0162726,40.716104200000004,0
150869,D8,522608.0,0.0,0.0,503607.0,19000.0,511.0,63582750.0,-73.9646572,40.719525399999995,0
151155,O4,2157862.0,2152863.0,0.0,0.0,2152863.0,6.0,278424000.0,-74.0144434,40.714723799999994,3
151166,O4,368315.0,364483.0,3832.0,0.0,368315.0,71.0,26330850.0,-74.0132658,40.7065418,2
152243,R4,63426.0,0.0,0.0,63426.0,0.0,75.0,8803383.0,-73.9616623,40.7584093,0
153415,D6,472000.0,0.0,13000.0,459000.0,13000.0,403.0,6175800.0,-73.9919854,40.768469399999994,0
153574,D7,2531670.0,0.0,2090.0,2508580.0,23090.0,1615.0,67095000.0,-73.93782519999999,40.8309888,0
153703,R4,403993.0,0.0,0.0,403993.0,0.0,300.0,50873347.0,-73.9603495,40.7626303,0
153756,R4,256015.0,0.0,0.0,256015.0,0.0,230.0,40387575.0,-73.9704325,40.7528565,0
153863,R4,357793.0,0.0,0.0,326300.0,31493.0,238.0,56457009.0,-73.96764240000002,40.7531001,0
156691,RB,1690747.0,1690747.0,0.0,0.0,1690747.0,17.0,209690553.0,-74.0108426,40.7097535,3
156709,RR,242364.0,0.0,0.0,224726.0,17638.0,284.0,28757250.0,-73.9866756,40.7470874,0
156717,RH,163694.0,0.0,0.0,0.0,11905.0,314.0,28171548.0,-73.9859421,40.751133,0
156725,R4,154610.0,0.0,0.0,154610.0,0.0,146.0,27929260.0,-73.9524777,40.7658551,0
156728,R4,142131.0,0.0,0.0,136081.0,6050.0,142.0,25106851.0,-73.9841066,40.744383500000005,0
156742,RB,1526121.0,1526121.0,0.0,0.0,1526121.0,2.0,379534050.0,-73.97152709999999,40.759005,3
156759,RM,165538.0,8475.0,6243.0,141519.0,24019.0,213.0,26127009.0,-73.9724419,40.755137899999994,0
156767,RB,977656.0,977656.0,0.0,0.0,977656.0,2.0,89554950.0,-73.9876958,40.694602200000006,1
156851,RC,3221237.0,1996277.0,1140044.0,0.0,3221237.0,8.0,931377002.0,-74.00089870000001,40.753530100000006,3
157237,D7,366608.0,0.0,3629.0,362979.0,3629.0,411.0,5262300.0,-73.96072070000001,40.7268334,0
157310,RM,698686.0,309391.0,10453.0,345952.0,352734.0,340.0,109677602.0,-73.9797447,40.764241,2
157354,RM,1003752.0,0.0,12664.0,625634.0,171111.0,881.0,175776882.0,-73.9949718,40.7590386,0
157415,RM,450160.0,11116.0,16649.0,422395.0,27765.0,588.0,44975250.0,-73.97887370000001,40.6877719,0
157498,RM,498079.0,609.0,4202.0,493268.0,4811.0,458.0,41244299.0,-73.9854166,40.7772849,0
157521,R4,182864.0,0.0,0.0,182864.0,0.0,181.0,24707304.0,-73.96396109999999,40.719344,0
157738,D6,278051.0,2100.0,0.0,0.0,29100.0,171.0,0.0,-74.0085522,40.7271225,0
157771,D8,316287.0,0.0,18948.0,278391.0,18948.0,235.0,0.0,-73.98096579999999,40.7662265,0
157890,O4,911896.0,880947.0,30949.0,0.0,911896.0,229.0,105952050.0,-73.9877679,40.7535322,1
158136,D6,1797891.0,9305.0,0.0,458387.0,11613.0,1122.0,108782100.0,-73.97326120000001,40.7374235,0
158668,D3,406217.0,,,,,476.0,21935700.0,-73.97995429999999,40.6914776,0
159214,RM,376934.0,0.0,42492.0,276276.0,100658.0,234.0,49409486.0,-73.95031,40.7826657,0
159490,RM,1082317.0,0.0,383751.0,591322.0,490995.0,914.0,149303930.0,-73.9921372,40.767692700000005,2
159586,RM,262783.0,0.0,21627.0,191722.0,71061.0,229.0,25015276.0,-73.9702411,40.7935253,0
160197,RM,713461.0,0.0,9007.0,673771.0,39690.0,394.0,113738883.0,-73.96781949999999,40.7525622,0
160482,RM,131902.0,0.0,0.0,34111.0,0.0,41.0,15619507.0,-73.96696829999999,40.758561900000004,0
160559,D7,259342.0,0.0,1332.0,258010.0,1332.0,303.0,11897100.0,-73.9615278,40.7350926,0
160763,RM,312870.0,9821.0,8162.0,271843.0,41027.0,281.0,42684313.0,-73.9828366,40.7711143,0
160882,O4,22051813.0,1608922.0,44990.0,0.0,1653912.0,3.0,558725400.0,-73.9977045,40.7526764,3
160901,RM,112387.0,0.0,26485.0,80441.0,31946.0,78.0,22153954.0,-73.97278990000001,40.7605232,0
161252,O4,782883.0,759723.0,4219.0,0.0,782883.0,14.0,0.0,-74.0096552,40.7040571,1
161258,RM,243309.0,0.0,34701.0,208608.0,34701.0,313.0,38988027.0,-73.9955167,40.7601723,0
161336,D6,987054.0,,,,,803.0,0.0,-73.9444556,40.7479627,0
161337,D8,63000.0,0.0,0.0,63000.0,0.0,233.0,0.0,-73.9810122,40.7665674,0
161354,D8,348263.0,0.0,20864.0,306535.0,20864.0,234.0,0.0,-73.9808008,40.7664805,0
161355,D8,24159.0,0.0,0.0,24159.0,0.0,233.0,0.0,-73.9812105,40.7666495,0
161390,D7,491408.0,,,,,540.0,0.0,-73.80677990000001,40.7005387,0
161732,RM,358551.0,0.0,10165.0,280424.0,78127.0,273.0,36336032.0,-73.9870561,40.702002,0
161759,RM,436485.0,25399.0,65773.0,302637.0,133094.0,295.0,86420157.0,-73.98270579999999,40.7745041,0
161766,Z1,486065.0,0.0,0.0,0.0,486065.0,1.0,63762750.0,-74.0003824,40.7137009,0
162232,D8,88269.0,,,,,42.0,0.0,-73.9839715,40.7454574,0
162263,D6,451001.0,0.0,0.0,0.0,25000.0,431.0,0.0,-73.97268840000001,40.7513122,0
162309,D8,304286.0,,,,,184.0,0.0,-73.95965509999999,40.8116213,0
162540,RM,202179.0,0.0,0.0,187324.0,14855.0,95.0,42613362.0,-73.9714191,40.7583079,0
162551,RM,279886.0,0.0,4486.0,135470.0,31896.0,62.0,44061820.0,-73.9773633,40.7608069,0
162563,RM,122920.0,0.0,9342.0,51097.0,57153.0,220.0,22579200.0,-73.98221240000001,40.7563119,0
162579,RM,609926.0,0.0,1507.0,340622.0,13702.0,158.0,95029649.0,-74.0090359,40.7127756,0
162654,RM,531657.0,211617.0,3036.0,293962.0,237695.0,241.0,85567945.0,-73.9792897,40.7647185,0
162655,RM,219215.0,0.0,37290.0,34260.0,37290.0,49.0,44699760.0,-73.9931887,40.75827279999999,0
162768,RM,256303.0,0.0,7147.0,209609.0,46694.0,463.0,28399500.0,-73.9796128,40.687991600000004,0
162887,R6,4445.0,0.0,0.0,4445.0,0.0,2.0,125160.0,-73.98609499999999,40.6235973,0
163003,RM,349853.0,0.0,10940.0,313054.0,36799.0,415.0,47253186.0,-73.976896,40.76542620000001,0
163013,RM,3280.0,0.0,2765.0,515.0,2765.0,2.0,16042500.0,-73.9875247,40.7610335,0
163022,RR,954682.0,0.0,21000.0,895990.0,58692.0,1278.0,131697000.0,-73.9992347,40.7607899,0
163027,RH,1440995.0,,,,,5.0,246072150.0,-73.9797127,40.7624432,0
163035,RM,295086.0,0.0,3532.0,260526.0,34560.0,364.0,42397217.0,-73.9736751,40.7492096,0
163042,RM,804216.0,406966.0,30000.0,367250.0,436966.0,262.0,204570453.0,-73.976086,40.7591982,2
163047,RM,497528.0,0.0,0.0,175307.0,89082.0,184.0,114834289.0,-73.9785167,40.7661731,0
163097,RM,142004.0,0.0,2643.0,139361.0,2643.0,371.0,18306764.0,-73.9814192,40.6884174,0
163113,RM,337519.0,73561.0,0.0,247953.0,89566.0,551.0,35398800.0,-73.98656629999999,40.6980989,0
163932,RC,1918805.0,0.0,51320.0,0.0,51320.0,2.0,219255300.0,-73.9861968,40.7586262,0
163963,RC,411780.0,371374.0,40406.0,0.0,411780.0,4.0,79116300.0,-73.97824190000001,40.7562673,2
163977,RC,1420558.0,815470.0,0.0,0.0,1056110.0,5.0,117609299.0,-73.9879916,40.693811700000005,1
163982,RC,614307.0,553431.0,60876.0,0.0,614307.0,2.0,128620800.0,-73.982488,40.765246000000005,2
163989,RC,126498.0,0.0,5692.0,0.0,20872.0,3.0,17026202.0,-73.9745543,40.7530799,0
163995,RC,1204839.0,27975.0,1176864.0,0.0,1204839.0,46.0,287401050.0,-73.98185129999999,40.7568196,2
163999,RC,1042944.0,377775.0,665169.0,0.0,1042944.0,2.0,142601850.0,-73.9768156,40.757965999999996,2
164005,RC,1246882.0,1169666.0,77216.0,0.0,1246882.0,3.0,367586100.0,-73.97670649999999,40.7603703,1
164010,RC,919865.0,713211.0,130695.0,0.0,919865.0,5.0,242193143.0,-73.98484690000001,40.7580744,1
164013,RC,1044054.0,1038765.0,5289.0,0.0,1044054.0,6.0,123580799.0,-73.975861,40.7526959,1
164020,RC,342142.0,0.0,15572.0,0.0,15693.0,5.0,47791801.0,-73.9827084,40.764367799999995,0
164021,RC,730175.0,666704.0,32737.0,0.0,730175.0,2.0,159214950.0,-73.978013,40.760925,2
164023,RC,772563.0,701368.0,22303.0,0.0,772563.0,79.0,118553102.0,-73.97462420000001,40.7495666,1
164024,RC,1554144.0,0.0,53645.0,0.0,53645.0,113.0,154540930.0,-73.973351,40.7565023,0
164036,RC,152686.0,0.0,15966.0,0.0,15966.0,2.0,23414400.0,-73.9856525,40.7551897,0
164037,RC,426430.0,0.0,0.0,0.0,48992.0,4.0,63349200.0,-73.9842223,40.7587852,0
164038,RC,284451.0,425.0,37298.0,791.0,95767.0,394.0,47768428.0,-74.00540809999998,40.725305600000006,0
164039,RC,1241644.0,1193976.0,46297.0,0.0,1241644.0,55.0,214297286.0,-73.9755188,40.750758000000005,1
164044,RC,907907.0,819519.0,88388.0,0.0,907907.0,42.0,106333652.0,-73.9731804,40.7497694,1
164049,RC,364639.0,283805.0,80834.0,0.0,364639.0,3.0,157638600.0,-73.9740311,40.7617806,2
164050,RC,103429.0,5920.0,5921.0,0.0,11841.0,4.0,16170750.0,-73.97815770000001,40.7600028,0
164053,RC,345066.0,0.0,13926.0,0.0,13926.0,4.0,91532392.0,-73.9855902,40.7593919,0
164059,RC,789726.0,742761.0,46965.0,0.0,789726.0,2.0,165324150.0,-73.9895901,40.7566394,1
164064,RM,294332.0,2496.0,15649.0,230250.0,64082.0,191.0,49829112.0,-73.9893965,40.7715982,0
164100,RM,566036.0,87676.0,0.0,441871.0,124165.0,509.0,81707685.0,-73.98585870000001,40.7700965,0
164105,RM,126193.0,3678.0,2528.0,119987.0,6206.0,136.0,23796006.0,-73.9614605,40.7639756,0
164122,RM,366501.0,0.0,1456.0,353841.0,12660.0,148.0,51086711.0,-74.0062444,40.7176505,0
164152,RM,588256.0,10478.0,41363.0,492771.0,95485.0,473.0,85265115.0,-73.98157309999999,40.77076829999999,0
164160,RM,702044.0,0.0,111400.0,326012.0,376032.0,276.0,149552675.0,-73.98147809999999,40.7748031,0
164161,RC,110423.0,0.0,6694.0,0.0,6694.0,2.0,15825600.0,-73.9823015,40.7468562,0
164170,RM,169100.0,71500.0,0.0,97600.0,71500.0,95.0,23840554.0,-73.9833386,40.7704969,0
164174,RM,108651.0,0.0,3735.0,104916.0,3735.0,68.0,14701492.0,-73.96682309999998,40.7602609,0
164240,RM,547520.0,5320.0,0.0,421100.0,126420.0,410.0,45366541.0,-73.9872725,40.7771863,0
164290,RM,113202.0,0.0,1722.0,111480.0,1722.0,65.0,13490103.0,-73.9696365,40.796744700000005,0
164296,RM,366603.0,0.0,22336.0,298651.0,67952.0,408.0,75243140.0,-73.96176190000001,40.7672886,0
164309,RM,171664.0,0.0,19242.0,152422.0,19242.0,71.0,22912202.0,-73.97069090000001,40.7971649,0
164329,RM,133729.0,11292.0,0.0,122437.0,11292.0,75.0,21223346.0,-73.9592823,40.7723189,0
164341,RM,137006.0,0.0,14024.0,122982.0,14024.0,93.0,19298330.0,-73.9564421,40.7760205,0
164351,RM,695701.0,0.0,83314.0,588767.0,106934.0,231.0,147694487.0,-73.9813928,40.7698598,0
164397,RM,562325.0,0.0,6147.0,468454.0,93871.0,600.0,103796265.0,-73.9964987,40.75875870000001,0
164417,RM,489937.0,0.0,38547.0,451390.0,38547.0,469.0,43811573.0,-73.93619809999998,40.749131799999994,0
164425,RM,648458.0,312.0,8067.0,640079.0,8379.0,570.0,58001851.0,-73.98617879999999,40.7759208,0
164440,RM,813798.0,109040.0,8840.0,583993.0,229805.0,683.0,126786627.0,-73.98423840000001,40.7668245,0
164464,RM,776000.0,0.0,36886.0,739114.0,36886.0,763.0,75084930.0,-74.0095687,40.7054608,0
164485,RM,203794.0,0.0,18579.0,150807.0,52987.0,230.0,34845133.0,-73.9979714,40.7576828,0
164486,RM,245678.0,4565.0,11071.0,203144.0,42534.0,243.0,21769364.0,-73.9827016,40.6931935,0
164494,RM,1928088.0,781038.0,418593.0,267989.0,1446974.0,165.0,703072485.0,-73.9830936,40.7684685,1
164497,RM,152811.0,1500.0,0.0,138730.0,14081.0,126.0,26184589.0,-73.9606953,40.77608789999999,0
164501,RM,257885.0,0.0,5665.0,252220.0,5665.0,297.0,46296477.0,-73.98303620000002,40.7670851,0
164514,RM,598594.0,0.0,23629.0,265158.0,145947.0,306.0,124495293.0,-73.99028100000001,40.7471289,0
164523,RM,253543.0,12685.0,17079.0,223779.0,29764.0,261.0,43831354.0,-73.98746740000001,40.7395394,0
164533,RM,239204.0,39762.0,43958.0,155484.0,83720.0,165.0,34129419.0,-74.0117869,40.7060205,0
164554,RM,218208.0,2120.0,0.0,216088.0,2120.0,262.0,38755789.0,-73.9845739,40.7679609,0
164574,RM,199635.0,33492.0,8373.0,157770.0,41865.0,166.0,32227196.0,-73.9832954,40.769989100000004,0
164605,RM,355544.0,0.0,0.0,265691.0,89853.0,359.0,23540101.0,-73.9444507,40.8027655,0
164613,RM,289899.0,0.0,75987.0,213912.0,75987.0,145.0,64895518.0,-73.98179240000002,40.7740758,0
164616,RM,244134.0,12792.0,7807.0,192419.0,51715.0,116.0,35482579.0,-73.9650782,40.7630161,0
164629,RM,258480.0,0.0,28259.0,230221.0,28259.0,319.0,39505500.0,-73.98397609999999,40.746990999999994,0
164634,RM,477300.0,1729.0,1211.0,474360.0,2940.0,488.0,34751345.0,-73.9843083,40.7767852,0
164674,RM,880371.0,777247.0,0.0,103124.0,777247.0,91.0,68650149.0,-74.00832890000001,40.7124573,1
164690,RM,289281.0,0.0,0.0,257663.0,31618.0,264.0,26730450.0,-73.9938997,40.758530799999996,0
164699,RM,377483.0,0.0,6092.0,325062.0,52421.0,322.0,63276703.0,-74.01035859999999,40.7053674,0
164727,RM,294785.0,0.0,8132.0,53860.0,25691.0,93.0,56731508.0,-73.9860356,40.7527744,0
164746,RM,160124.0,0.0,0.0,115138.0,44986.0,56.0,28821602.0,-73.9808618,40.7711442,0
164763,RM,467115.0,58349.0,0.0,362722.0,104393.0,330.0,74015968.0,-73.9526503,40.766857,0
164802,RM,888123.0,0.0,17627.0,745819.0,142304.0,1185.0,144359100.0,-73.99877990000002,40.761531,0
164815,RM,624065.0,0.0,21364.0,417824.0,206241.0,707.0,94229700.0,-73.98849179999999,40.7628808,0
164826,RM,210910.0,1350.0,0.0,209560.0,1350.0,221.0,33234747.0,-73.98583670000001,40.7715594,0
164832,RM,251954.0,6114.0,40723.0,183269.0,68685.0,230.0,42908844.0,-73.9655911,40.762365700000004,0
164841,RM,301776.0,16518.0,35674.0,218070.0,83706.0,282.0,22845649.0,-73.9696392,40.7908106,0
164845,RM,642284.0,4635.0,0.0,566824.0,75460.0,550.0,61273580.0,-73.986561,40.77845429999999,0
164850,RM,209528.0,26823.0,19836.0,162558.0,46970.0,180.0,29617211.0,-73.98219940000001,40.7509651,0
164853,RM,203184.0,0.0,3170.0,108075.0,18410.0,294.0,17155800.0,-73.93722220000001,40.7500985,0
164868,RM,201251.0,0.0,3904.0,186077.0,15174.0,218.0,30842562.0,-73.95679150000001,40.7661395,0
164875,RM,496240.0,5472.0,0.0,452258.0,43982.0,461.0,38732401.0,-73.98597640000001,40.7765466,0
164879,RM,213548.0,0.0,22397.0,173332.0,40216.0,171.0,30384917.0,-73.9789605,40.744020299999995,0
164882,RM,474430.0,0.0,16239.0,424030.0,50400.0,441.0,51803099.0,-73.9821859,40.6932373,0
164891,RM,217806.0,0.0,45713.0,172093.0,45713.0,80.0,37976407.0,-73.95752879999999,40.770506700000006,0
164898,RM,461169.0,0.0,32760.0,428409.0,32760.0,412.0,71506458.0,-74.0097349,40.707727899999995,0
164907,RM,508695.0,0.0,6793.0,463375.0,45320.0,555.0,92374669.0,-73.9922719,40.757872,0
164909,RM,417562.0,115604.0,47261.0,254697.0,162865.0,384.0,82530901.0,-73.989855,40.7477931,0
164923,RM,681188.0,0.0,17726.0,642383.0,38805.0,976.0,72936000.0,-73.9423493,40.7476693,0
164930,RM,968442.0,270200.0,25800.0,592442.0,376000.0,656.0,136530023.0,-73.9814068,40.7715149,2
164947,RM,188351.0,0.0,8645.0,179706.0,8645.0,260.0,39655785.0,-73.9862031,40.7456326,0
164948,RM,554579.0,8235.0,0.0,418374.0,136205.0,443.0,46261352.0,-73.9868427,40.7778505,0
164975,RM,810798.0,0.0,12030.0,557882.0,252916.0,400.0,91610606.0,-74.01058959999999,40.7065311,0
164983,RM,215384.0,0.0,15532.0,192373.0,23011.0,125.0,34110006.0,-73.967569,40.7555731,0
165032,RM,317446.0,0.0,5882.0,277351.0,40095.0,358.0,63764573.0,-73.98486020000001,40.747328700000004,0
165054,RM,116877.0,0.0,6400.0,110477.0,6400.0,74.0,25594222.0,-73.9836367,40.7474054,0
165056,RM,385502.0,0.0,11797.0,321847.0,63655.0,382.0,46581300.0,-73.9877972,40.770898100000004,0
165071,RM,199773.0,0.0,2530.0,197243.0,2530.0,134.0,34579346.0,-73.9849779,40.7695062,0
165090,RM,233098.0,6360.0,6362.0,194802.0,38296.0,237.0,32652648.0,-73.9826939,40.764686100000006,0
165138,RM,298408.0,77124.0,12488.0,208796.0,89612.0,91.0,31155222.0,-74.00695470000001,40.7142661,0
165163,RM,301475.0,0.0,7139.0,276388.0,25087.0,392.0,50956200.0,-74.0017036,40.7519848,0
165171,RM,124816.0,2444.0,3927.0,113589.0,11227.0,106.0,24530465.0,-73.96197420000001,40.7683646,0
165186,RM,109115.0,0.0,5870.0,98667.0,10448.0,171.0,10400216.0,-73.94152740000001,40.7466286,0
165231,O4,230139.0,223139.0,7000.0,0.0,230139.0,171.0,25753950.0,-74.0027994,40.7189434,0
165631,D8,350695.0,4000.0,0.0,0.0,4000.0,113.0,52586550.0,-73.9832251,40.776966200000004,0
165690,D9,268639.0,49114.0,8999.0,197564.0,71075.0,100.0,9774000.0,-73.9353713,40.8015311,0
169422,H2,201307.0,43279.0,16902.0,0.0,60181.0,349.0,31244400.0,-73.991031,40.7517923,0
169438,D8,160126.0,0.0,920.0,145918.0,14208.0,173.0,14914350.0,-73.9868304,40.7487644,0
169487,O4,408153.0,399153.0,9000.0,0.0,408153.0,42.0,42648300.0,-73.97204920000001,40.753479999999996,2
169774,O4,1835464.0,1725250.0,0.0,0.0,1809073.0,27.0,348648750.0,-74.0015773,40.7527011,3
177662,D7,336334.0,5920.0,5919.0,324495.0,11839.0,315.0,11339100.0,-73.9491704,40.8138289,0
178906,D6,402707.0,0.0,0.0,330102.0,72605.0,467.0,24313950.0,-73.98827370000001,40.7710986,0
199579,H1,138614.0,,,,,4.0,22449150.0,-73.9719865,40.7565953,0
199580,HS,147970.0,,,,,1.0,13761450.0,-73.9713947,40.7563371,0
199675,H1,274656.0,,,,,3.0,33238350.0,-73.9781136,40.7624347,0
199693,D9,466820.0,466820.0,0.0,0.0,466820.0,540.0,74338650.0,-74.01146240000001,40.706613399999995,2
199707,O4,370000.0,362072.0,7928.0,0.0,370000.0,0.0,52962750.0,-74.01165350000001,40.706272999999996,2
199714,O4,839749.0,814801.0,24948.0,0.0,839749.0,71.0,66271950.0,-74.0107629,40.7076263,1
199715,D8,431000.0,0.0,2198.0,384802.0,46198.0,289.0,32504850.0,-74.0081948,40.707363,0
199716,O4,400294.0,390294.0,10000.0,0.0,400294.0,69.0,31275450.0,-74.0131688,40.70808710000001,2
199722,D5,400531.0,0.0,12000.0,378531.0,22000.0,482.0,46988232.0,-74.0087752,40.7056282,0
199729,O4,281121.0,153972.0,0.0,0.0,281121.0,27.0,36254250.0,-74.01298129999999,40.708408299999995,0
199731,O4,309381.0,298081.0,11300.0,0.0,309381.0,60.0,27614700.0,-74.0130242,40.706854799999995,2
199733,O4,650740.0,633379.0,15361.0,0.0,650740.0,102.0,48196350.0,-74.01283670000001,40.7071046,2
199737,O4,974958.0,957364.0,17594.0,0.0,974958.0,0.0,90820350.0,-74.0119996,40.705312299999996,1
199741,H2,130054.0,0.0,6682.0,0.0,6682.0,318.0,17689050.0,-74.012664,40.7093333,0
199758,D8,531000.0,3000.0,12000.0,500000.0,31000.0,400.0,57694950.0,-74.00914399999999,40.7122184,0
199759,O4,480831.0,465331.0,15500.0,0.0,480831.0,146.0,30617550.0,-74.00865340000001,40.7119906,2
199762,D8,163340.0,0.0,1089.0,162251.0,1089.0,52.0,14684400.0,-74.0097935,40.713725200000006,0
199788,O4,1094861.0,1049861.0,3000.0,0.0,1052861.0,64.0,72030600.0,-74.00976429999999,40.710851500000004,1
199790,H1,383166.0,0.0,1000.0,0.0,7700.0,3.0,38121300.0,-74.010244,40.7111396,0
200094,O4,2216567.0,2216567.0,0.0,0.0,2216567.0,1.0,284506650.0,-73.9995885,40.7552291,3
200098,D7,315586.0,0.0,13219.0,223747.0,13219.0,180.0,32611950.0,-74.0024363,40.7524321,0
200107,D8,387468.0,0.0,7178.0,365290.0,22178.0,374.0,35354700.0,-74.0032989,40.752802700000004,0
200110,D8,270400.0,0.0,0.0,0.0,4875.0,379.0,12380400.0,-74.00042590000001,40.757361700000004,0
200114,H2,218640.0,0.0,2823.0,0.0,2823.0,2.0,30221100.0,-73.9986681,40.7546801,0
200117,D6,511325.0,0.0,39150.0,368679.0,142646.0,58.0,13215150.0,-73.99889190000002,40.75561879999999,0
200122,O4,1178640.0,1149691.0,28949.0,0.0,1178640.0,2.0,250567650.0,-74.001765,40.75524,1
200133,D6,321693.0,0.0,13573.0,198084.0,49547.0,253.0,51858450.0,-73.99904709999998,40.756538299999995,0
200139,O4,515174.0,320000.0,0.0,0.0,350000.0,3.0,88198200.0,-73.99651329999999,40.7539335,2
200143,D8,807316.0,0.0,20615.0,721054.0,86262.0,839.0,82932750.0,-73.99816640000002,40.7570598,0
200158,D7,467131.0,0.0,1640.0,465491.0,1640.0,591.0,34049700.0,-73.9996426,40.75847329999999,0
200180,H2,1300727.0,0.0,34016.0,0.0,34016.0,3.0,70774200.0,-73.99364399999999,40.7527229,0
200193,D6,555125.0,51008.0,11422.0,290000.0,265125.0,345.0,75397500.0,-73.994615,40.7522619,0
200194,H1,119347.0,,,,,1.0,16568550.0,-73.99374499999999,40.7537412,0
200196,H2,197027.0,,,,,570.0,38706300.0,-73.9942033,40.753936100000004,0
200241,H3,102824.0,,,,,3.0,13206600.0,-73.9925358,40.7545289,0
200253,D8,170978.0,0.0,10978.0,158906.0,12072.0,210.0,22338900.0,-73.99439459999999,40.7548227,0
200259,H2,200590.0,,,,,1.0,29598750.0,-73.99308420000001,40.75669179999999,0
200276,H3,71706.0,,,,,1.0,11376900.0,-73.99283879999999,40.756274600000005,0
200300,H2,114917.0,,,,,271.0,10718100.0,-73.9917343,40.7561235,0
200319,H2,98738.0,,,,,248.0,18299250.0,-73.9923695,40.7563898,0
200320,H2,102000.0,,,,,1.0,15912900.0,-73.99252829999999,40.7564585,0
200323,O4,553748.0,543748.0,10000.0,0.0,553748.0,136.0,60036750.0,-73.9892766,40.75345,2
200332,H2,67130.0,,,,,1.0,10124100.0,-73.99287120000001,40.756601200000006,0
200417,O4,1039529.0,968284.0,26357.0,0.0,1039529.0,44.0,153343800.0,-73.9838656,40.756056799999996,1
200422,O4,768530.0,748316.0,18000.0,0.0,768530.0,88.0,63647550.0,-73.9866888,40.75295560000001,1
200426,O4,654137.0,614006.0,40131.0,0.0,654137.0,95.0,54464400.0,-73.98538559999999,40.7540314,2
200432,O4,464951.0,429569.0,35382.0,0.0,464951.0,56.0,37179900.0,-73.9878944,40.752565999999995,2
200442,O4,362850.0,334140.0,14355.0,0.0,362850.0,150.0,39620700.0,-73.98626259999999,40.7546518,2
200447,O4,494868.0,450730.0,10000.0,0.0,460730.0,1.0,47877750.0,-73.98716850000001,40.75499779999999,2
200449,O4,734668.0,686025.0,11510.0,0.0,734668.0,43.0,165756600.0,-73.98336009999998,40.756671600000004,1
200453,H1,471985.0,0.0,1985.0,0.0,1985.0,1.0,42365250.0,-73.984645,40.757154799999995,0
200457,O4,367212.0,356062.0,11150.0,0.0,367212.0,106.0,32472000.0,-73.9868007,40.753246600000004,2
200458,O4,1088074.0,1042920.0,42780.0,0.0,1088074.0,100.0,118594350.0,-73.9875657,40.7541936,1
200460,O4,493107.0,401298.0,82148.0,0.0,493107.0,69.0,126971550.0,-73.9856377,40.756770700000004,2
200463,O4,426056.0,414076.0,2736.0,0.0,426056.0,66.0,52282800.0,-73.9839412,40.757034000000004,2
200469,H2,304831.0,,,,,1.0,42398550.0,-73.9840421,40.757569200000006,0
200470,H1,369864.0,0.0,76998.0,0.0,76998.0,4.0,51092100.0,-73.9840995,40.75922979999999,0
200472,H1,374765.0,0.0,4000.0,0.0,67200.0,3.0,50791500.0,-73.98339200000001,40.7589305,0
200476,H3,207700.0,0.0,7700.0,0.0,7700.0,6.0,41540850.0,-73.98039809999999,40.7642576,0
200479,H3,126398.0,,,,,1.0,17117100.0,-73.9861798,40.753575899999994,0
200483,H3,112850.0,0.0,4523.0,0.0,4523.0,2.0,15711300.0,-73.9779577,40.7643367,0
200503,O4,1047390.0,982230.0,22040.0,0.0,1047390.0,50.0,207316350.0,-73.9825188,40.7578984,1
200509,O4,87573.0,36674.0,0.0,0.0,36674.0,1.0,9125550.0,-73.97837309999998,40.7636946,0
200510,RC,487156.0,0.0,26883.0,0.0,26883.0,1332.0,104575179.0,-73.98830840000001,40.7587088,0
200528,D6,463143.0,20000.0,15000.0,415943.0,47200.0,465.0,53877600.0,-73.9869978,40.7605092,0
200543,O4,1721814.0,1440374.0,173145.0,0.0,1721672.0,1.0,364938750.0,-73.98643879999999,40.757929100000005,3
200555,D8,475327.0,25000.0,4405.0,411195.0,64132.0,483.0,64098900.0,-73.9860916,40.7608934,0
200565,O4,2438059.0,2202507.0,158110.0,0.0,2438059.0,47.0,418591800.0,-73.9847016,40.7621064,3
200570,O4,561139.0,532899.0,11326.0,0.0,561139.0,7.0,85324500.0,-73.98391140000001,40.7608848,2
200583,O4,762619.0,740222.0,4042.0,0.0,751856.0,1.0,143442450.0,-73.9835462,40.7631025,1
200596,D8,542276.0,0.0,16514.0,525762.0,16514.0,428.0,81288900.0,-73.98407309999999,40.763560999999996,0
200600,H1,843131.0,163265.0,78335.0,0.0,277663.0,10.0,82152000.0,-73.98507740000001,40.760618799999996,0
200609,H2,325216.0,85216.0,0.0,0.0,85216.0,1.0,56778300.0,-73.9837485,40.7625179,0
200620,O4,552775.0,522775.0,30000.0,0.0,552775.0,36.0,58604850.0,-73.99158249999999,40.757504100000006,2
200621,D6,311689.0,8805.0,11689.0,255137.0,56552.0,406.0,37209150.0,-73.98146990000001,40.7654737,0
200624,O4,435677.0,423677.0,12000.0,0.0,435677.0,186.0,63641700.0,-73.98253100000001,40.7662753,2
200650,O4,519600.0,511700.0,7900.0,0.0,519600.0,53.0,115198650.0,-73.9816902,40.7649495,2
200776,H2,73651.0,,,,,1.0,12325410.0,-73.9874308,40.761426,0
201162,D8,388073.0,0.0,33000.0,338273.0,50000.0,422.0,56460600.0,-73.9976067,40.760962799999994,0
201169,D6,319967.0,0.0,3700.0,298967.0,21000.0,380.0,37141200.0,-73.99637940000001,40.7605401,0
201279,M1,40110.0,0.0,0.0,4199.0,35911.0,328.0,7374150.0,-73.98142800000001,40.7731562,0
201299,H1,294000.0,,,,,1.0,40790250.0,-73.9816422,40.755996100000004,0
201301,D8,461229.0,0.0,3654.0,457575.0,3654.0,340.0,58580550.0,-73.9860604,40.7719602,0
201371,RC,446678.0,386839.0,59839.0,0.0,446678.0,3.0,62654400.0,-73.9801264,40.755224600000005,2
201385,O4,500177.0,472577.0,8000.0,0.0,500177.0,0.0,63795150.0,-73.97847469999999,40.7619654,2
201394,D6,74291.0,0.0,3961.0,541233.0,58807.0,184.0,11382750.0,-73.9783412,40.7617211,0
201416,O4,205020.0,171000.0,34000.0,0.0,205020.0,1.0,44595900.0,-73.9758652,40.7609932,0
201427,O4,336010.0,320250.0,15750.0,0.0,336010.0,67.0,79907400.0,-73.9768041,40.759769299999995,2
201434,D6,50648.0,0.0,3961.0,541233.0,58807.0,184.0,7733700.0,-73.97797299999999,40.761883000000005,0
201435,D6,50648.0,0.0,3961.0,541233.0,58807.0,184.0,7733700.0,-73.9779188,40.761860999999996,0
201456,O4,251043.0,231043.0,20000.0,0.0,251043.0,30.0,80930250.0,-73.9803579,40.753566799999994,2
201473,O4,1678135.0,1639725.0,38410.0,0.0,1678135.0,5.0,409013100.0,-73.97855340000001,40.7529654,3
201488,O4,1174988.0,1021827.0,5400.0,0.0,1174988.0,3.0,253474200.0,-73.9767262,40.7554682,1
201490,O4,874744.0,850729.0,24005.0,0.0,874744.0,2.0,122128200.0,-73.9780948,40.7535911,1
201498,O4,311501.0,299491.0,12000.0,0.0,311501.0,87.0,52130250.0,-73.97747079999999,40.7632744,2
201507,O4,600000.0,581357.0,900.0,0.0,600000.0,4.0,103313250.0,-73.9783047,40.7519278,2
201517,O4,332312.0,321143.0,11169.0,0.0,332312.0,75.0,38330100.0,-73.97942629999999,40.7548375,2
201521,O4,201387.0,194929.0,6458.0,0.0,201387.0,8.0,42642450.0,-73.98135450000001,40.752230299999994,0
201531,H9,115924.0,0.0,1628.0,0.0,1628.0,1.0,14542200.0,-73.97735390000001,40.75660739999999,0
201535,O4,386166.0,381707.0,4459.0,0.0,386166.0,35.0,91664100.0,-73.9750944,40.756417600000006,2
201558,O4,164722.0,158422.0,6300.0,0.0,164722.0,1.0,29781000.0,-73.974292,40.7591896,0
201595,O4,401686.0,387020.0,14666.0,0.0,401686.0,7.0,85057650.0,-73.976101,40.75763920000001,2
201606,O4,268106.0,264196.0,3900.0,0.0,268106.0,45.0,43407000.0,-73.9716033,40.7580609,2
201607,O4,1351000.0,1331420.0,19580.0,0.0,1351000.0,2.0,108763650.0,-73.9759897,40.7559814,1
201620,O4,629323.0,626305.0,6000.0,0.0,632305.0,17.0,102332700.0,-73.97409959999999,40.7527476,2
201623,O4,272532.0,263532.0,9000.0,0.0,272532.0,43.0,60466500.0,-73.97376070000001,40.760932399999994,2
201629,O4,380000.0,360000.0,20000.0,0.0,380000.0,92.0,53970300.0,-73.97441459999999,40.7502719,2
201630,O4,1212596.0,1177646.0,34930.0,0.0,1212596.0,1.0,222435000.0,-73.9761058,40.754392200000005,1
201637,O4,289356.0,279338.0,10018.0,0.0,289356.0,50.0,37296900.0,-73.9738693,40.7510156,2
201646,RM,110149.0,0.0,9728.0,100421.0,9728.0,80.0,16563614.0,-73.9712564,40.7505594,0
201662,O4,490020.0,486069.0,3931.0,0.0,490020.0,80.0,56789550.0,-73.97178509999999,40.7550115,2
201667,O4,1586876.0,1528689.0,58177.0,0.0,1586876.0,35.0,373849200.0,-73.9747233,40.75462520000001,3
201682,O4,526124.0,516824.0,9300.0,0.0,526124.0,56.0,92158650.0,-73.9713553,40.7556345,2
201689,O4,304640.0,294000.0,10640.0,0.0,304640.0,16.0,45078300.0,-73.97076259999999,40.7572125,2
201867,O4,656428.0,631280.0,2350.0,0.0,633650.0,38.0,120366000.0,-73.97702159999999,40.7572304,2
203013,O4,393686.0,309400.0,17567.0,0.0,393686.0,4.0,27105750.0,-73.9838272,40.6911241,2
203045,D7,456082.0,0.0,8750.0,421000.0,35082.0,494.0,49792050.0,-73.98595440000001,40.692741,0
203048,D7,667250.0,54233.0,0.0,0.0,54233.0,418.0,19788750.0,-73.9823922,40.690402,0
203100,D6,706521.0,16000.0,25756.0,0.0,290356.0,485.0,55005750.0,-73.98496340000001,40.6897875,0
203106,D6,333461.0,69488.0,27104.0,236869.0,96592.0,329.0,21330000.0,-73.98151999999999,40.688788,0
215936,O4,1359110.0,1346382.0,12728.0,0.0,1359110.0,11.0,98641350.0,-73.94406409999999,40.747058100000004,1
227300,H2,243912.0,0.0,2991.0,0.0,2991.0,2.0,27947250.0,-73.9881637,40.7602403,0
227310,D6,2035745.0,0.0,65241.0,1635904.0,399841.0,1706.0,202391550.0,-73.9937914,40.759389899999995,0
227378,H2,75902.0,,,,,1.0,11819250.0,-73.98814209999999,40.7601004,0
240655,D4,231417.0,0.0,0.0,225000.0,6417.0,201.0,10513800.0,-73.9848889,40.7161977,0
240874,D7,293978.0,0.0,18704.0,264104.0,29874.0,273.0,37579950.0,-73.99044359999999,40.745589100000004,0
240940,H3,78843.0,0.0,400.0,0.0,400.0,1.0,15612300.0,-73.9849073,40.7463323,0
241027,D4,114407.0,0.0,1674.0,110533.0,3874.0,151.0,14988150.0,-73.9836269,40.743373299999995,0
241084,D4,107504.0,4700.0,0.0,102804.0,4700.0,112.0,12380850.0,-73.9781508,40.748033,0
241088,RM,121435.0,0.0,0.0,22666.0,0.0,135.0,12589200.0,-73.977144,40.7475607,0
241095,D7,181226.0,11686.0,5200.0,137384.0,43842.0,168.0,24998400.0,-73.98367859999999,40.7385783,0
241124,RC,977745.0,592180.0,21141.0,0.0,977745.0,2.0,87316398.0,-73.9810746,40.7465102,1
241194,RM,630198.0,0.0,29531.0,464142.0,166056.0,622.0,133226550.0,-73.99042890000001,40.7727182,0
241255,RM,343069.0,0.0,0.0,263775.0,79294.0,290.0,45727667.0,-73.9626588,40.7644399,0
241399,D4,232400.0,0.0,0.0,232400.0,0.0,163.0,20473650.0,-73.9488276,40.771027399999994,0
248472,D6,449695.0,142273.0,17379.0,290043.0,159652.0,353.0,39942450.0,-73.9666071,40.7159468,0
251662,D4,560525.0,0.0,25080.0,493945.0,66580.0,466.0,48340800.0,-73.9567328,40.767635399999996,0
252844,D6,589670.0,6378.0,19922.0,514585.0,75085.0,523.0,64358550.0,-73.98790059999999,40.778396799999996,0
262925,D7,113438.0,16102.0,0.0,97336.0,16102.0,68.0,8626500.0,-73.964623,40.7636692,0
265657,O4,1056600.0,1056600.0,0.0,0.0,1056600.0,1.0,70305750.0,-74.0036757,40.7129735,1
265688,Z1,635000.0,635000.0,0.0,0.0,635000.0,31.0,50865300.0,-74.00231219999999,40.713657,2
265818,H1,121165.0,0.0,3137.0,0.0,3137.0,0.0,22947300.0,-73.9998377,40.7197751,0
266971,RM,512503.0,55837.0,11515.0,445151.0,67352.0,391.0,61523550.0,-73.9930761,40.730498600000004,0
266985,D6,489709.0,0.0,22000.0,433959.0,55750.0,486.0,69371550.0,-73.9934441,40.730070500000004,0
267003,H8,181380.0,0.0,0.0,0.0,1380.0,212.0,14938650.0,-73.9892656,40.7321095,0
267711,H2,172767.0,0.0,0.0,0.0,3980.0,1.0,36060300.0,-73.9943125,40.744162100000004,0
267729,H2,185831.0,,,,,1.0,17131950.0,-73.9927462,40.744302000000005,0
267735,H2,154812.0,,,,,1.0,16519050.0,-73.9929411,40.744060499999996,0
267767,D6,269947.0,0.0,8150.0,253647.0,16300.0,297.0,47457900.0,-73.9915046,40.745257099999996,0
267815,H1,473391.0,0.0,5500.0,0.0,22500.0,538.0,42259050.0,-73.991663,40.748704499999995,0
267833,H2,105328.0,0.0,2075.0,7795.0,2075.0,1.0,9905850.0,-73.9920747,40.7464483,0
267844,H2,217166.0,,,,,1.0,34189650.0,-73.992432,40.74659929999999,0
267916,D7,428340.0,0.0,20916.0,376715.0,51625.0,410.0,59175900.0,-73.9912233,40.7443376,0
267924,H2,101189.0,32790.0,6558.0,0.0,39348.0,1.0,4852800.0,-73.989469,40.7468461,0
267971,H1,272334.0,,,,,1.0,9840600.0,-73.9891552,40.74572620000001,0
267978,H1,272334.0,,,,,1.0,5670450.0,-73.98893509999999,40.745572499999994,0
268026,D6,194422.0,0.0,6951.0,187471.0,6951.0,224.0,23850450.0,-73.9871228,40.7484104,0
268057,H2,88551.0,14700.0,3500.0,0.0,18200.0,173.0,549000.0,-73.984942,40.752458600000004,0
268070,H2,133564.0,0.0,2000.0,0.0,10095.0,1.0,15219900.0,-73.9838125,40.751912299999994,0
268106,O4,524937.0,519737.0,5200.0,0.0,524937.0,159.0,42750450.0,-73.9862687,40.7423828,2
268113,D8,407555.0,0.0,0.0,388946.0,18609.0,406.0,61618500.0,-73.9862141,40.7446417,0
268115,RM,147728.0,0.0,7210.0,140518.0,7210.0,65.0,30519456.0,-73.98810590000001,40.740508399999996,0
268117,RM,363054.0,0.0,8659.0,336846.0,26208.0,426.0,63643051.0,-73.9888889,40.7407939,0
268156,D8,229251.0,17885.0,4000.0,0.0,21885.0,123.0,26319150.0,-73.9847202,40.7441612,0
268168,D6,407521.0,0.0,3944.0,403577.0,3944.0,201.0,45695700.0,-73.9851529,40.7457175,0
268335,D4,150340.0,0.0,8000.0,142340.0,8000.0,191.0,17988300.0,-73.98433490000001,40.7405353,0
268527,O4,449437.0,399055.0,13700.0,0.0,449437.0,78.0,31475700.0,-73.982089,40.7454015,2
268818,D8,624519.0,21751.0,26372.0,566383.0,58136.0,470.0,62190900.0,-73.9746934,40.7479335,0
268855,D8,373248.0,0.0,0.0,373248.0,0.0,372.0,46598850.0,-73.9745054,40.7487075,0
268961,D6,438635.0,0.0,300.0,408110.0,30525.0,720.0,43039800.0,-73.9724525,40.7470876,0
268986,D8,268874.0,0.0,15510.0,253364.0,15510.0,255.0,28845900.0,-73.97319940000001,40.7475489,0
269022,D4,192543.0,0.0,0.0,178893.0,0.0,153.0,21868650.0,-73.97714859999999,40.776408,0
269050,RM,216606.0,1600.0,8252.0,206754.0,9852.0,270.0,33572250.0,-73.9825427,40.7768096,0
269145,D9,631204.0,0.0,34474.0,532592.0,98612.0,506.0,67217400.0,-73.988385,40.775152500000004,0
269202,D6,374550.0,0.0,13449.0,326843.0,37982.0,252.0,11419650.0,-73.9676814,40.7916335,0
269433,D6,169828.0,0.0,2170.0,166828.0,2170.0,182.0,16244550.0,-73.9717216,40.751569599999996,0
269434,RM,109822.0,0.0,5415.0,19321.0,5415.0,8.0,15884100.0,-73.9723639,40.75183320000001,0
269445,O4,171591.0,171571.0,0.0,0.0,171591.0,53.0,33064200.0,-73.9704508,40.760349700000006,0
269519,D4,261401.0,0.0,0.0,261401.0,0.0,459.0,24745050.0,-73.9714808,40.749209,0
269523,D7,60245.0,0.0,585.0,59660.0,585.0,59.0,7053750.0,-73.9677016,40.7575576,0
269537,O4,189840.0,65989.0,0.0,0.0,65989.0,21.0,25713900.0,-73.9685419,40.7513958,0
269545,O4,325000.0,325000.0,0.0,0.0,325000.0,2.0,58147200.0,-73.9689248,40.750707,2
269553,D6,253256.0,0.0,250.0,238306.0,14950.0,250.0,25450200.0,-73.9695596,40.751700799999995,0
269776,D4,246320.0,0.0,5000.0,231320.0,15000.0,184.0,27504900.0,-73.9643912,40.7651238,0
269873,RM,197415.0,0.0,21581.0,165787.0,31478.0,151.0,36478364.0,-73.9582887,40.7734658,0
270214,RM,258451.0,0.0,24824.0,204465.0,53986.0,209.0,41845054.0,-73.95813199999999,40.7642818,0
270372,D3,530809.0,0.0,0.0,514209.0,16600.0,427.0,45603450.0,-73.9508903,40.7694446,0
270604,D6,693459.0,30000.0,10000.0,615459.0,78000.0,586.0,44526150.0,-73.94971140000001,40.7816115,0
270616,D6,251307.0,0.0,11819.0,229626.0,21681.0,73.0,16972200.0,-73.95408570000001,40.774112,0
270630,RD,666393.0,0.0,57376.0,507214.0,159179.0,648.0,74203018.0,-73.95109090000001,40.7813596,0
270829,D6,302049.0,0.0,9251.0,262947.0,39102.0,316.0,34145550.0,-73.9516385,40.7732052,0
271691,D9,247156.0,53262.0,0.0,175388.0,71768.0,148.0,8113950.0,-73.93615129999999,40.8017346,0
271769,D9,285185.0,53263.0,6033.0,207382.0,77803.0,216.0,10057950.0,-73.93663149999999,40.8019353,0
272725,D3,256528.0,0.0,0.0,177632.0,78896.0,146.0,8037900.0,-73.9599017,40.8169072,0
272734,D4,1487977.0,48000.0,12000.0,1427977.0,60000.0,1229.0,24517350.0,-73.936261,40.822926700000004,0
272735,D3,339104.0,0.0,0.0,202104.0,137000.0,182.0,9502200.0,-73.9603497,40.8168717,0
273788,I4,1651267.0,0.0,0.0,0.0,1651267.0,236.0,127188450.0,-73.9430278,40.8447809,1
273819,I4,807327.0,0.0,0.0,0.0,807327.0,1.0,67987350.0,-73.94332490000001,40.8439192,2
275137,D7,278555.0,12122.0,34533.0,231900.0,46655.0,279.0,4283550.0,-73.92852090000001,40.816988099999996,0
282942,D6,1074490.0,0.0,600.0,1073889.0,600.0,872.0,15732900.0,-73.8861876,40.8795554,0
292449,W9,959880.0,4150.0,0.0,0.0,959880.0,2.0,65919150.0,-73.84443329999999,40.852443900000004,2
293093,Z9,1736.0,0.0,0.0,0.0,1736.0,1.0,76500.0,-73.8305146,40.8546722,0
300090,D4,318060.0,0.0,0.0,291180.0,26880.0,266.0,6223050.0,-73.8609397,40.8776339,0
316469,D6,362940.0,0.0,0.0,196574.0,166366.0,79.0,10954350.0,-73.99083929999999,40.7022,0
316598,D4,352698.0,0.0,0.0,331698.0,21000.0,250.0,8219700.0,-73.9912615,40.7003528,0
327637,D3,320000.0,0.0,0.0,320000.0,0.0,321.0,10713150.0,-73.9598184,40.6676559,0
341393,D4,252500.0,0.0,0.0,252500.0,0.0,300.0,9093600.0,-73.9701642,40.682930999999996,0
465596,C0,3146.0,0.0,0.0,3146.0,0.0,3.0,93180.0,-73.8868092,40.726828399999995,0
527178,RC,1270270.0,1196200.0,66048.0,0.0,1270270.0,49.0,319737588.0,-73.9742574,40.75525089999999,1
532273,D8,572348.0,173952.0,12000.0,0.0,199952.0,62.0,0.0,-73.9775681,40.7649531,0
588079,O9,1653794.0,1498274.0,0.0,0.0,1498274.0,45.0,157365900.0,-74.0038165,40.7151364,3
588083,O4,905500.0,905500.0,0.0,0.0,905500.0,41.0,78493500.0,-74.0045885,40.7155645,1
588211,D4,759187.0,0.0,51746.0,707441.0,51746.0,656.0,60465600.0,-73.9494689,40.782311299999996,0
594547,O4,559755.0,533565.0,26190.0,0.0,559755.0,57.0,65271150.0,-73.9733313,40.7515809,2
594583,D8,312041.0,0.0,663.0,311378.0,663.0,259.0,39622050.0,-73.9867177,40.7710874,0
595395,D9,673920.0,5700.0,0.0,535820.0,138100.0,402.0,12757950.0,-73.8773741,40.8799937,0
597179,O4,563420.0,520000.0,5000.0,0.0,563420.0,61.0,62539200.0,-73.9710922,40.7547122,2
597218,H2,158519.0,0.0,14993.0,0.0,16221.0,3.0,11999520.0,-73.988125,40.7550692,0
598219,D6,886042.0,0.0,87543.0,795999.0,90043.0,697.0,0.0,-73.9875377,40.7492454,0
598537,D6,710860.0,0.0,0.0,700715.0,0.0,791.0,63753750.0,-73.9396359,40.747006400000004,0
598781,D6,882579.0,0.0,15397.0,867182.0,15397.0,959.0,39464100.0,-73.93620779999999,40.7502873,0
598920,D6,390824.0,0.0,0.0,390824.0,26448.0,392.0,39497400.0,-73.9423071,40.7505815,0
598955,O4,1143631.0,1018872.0,47043.0,0.0,1143631.0,1.0,166541400.0,-73.9386056,40.748949200000006,1
599269,O4,949976.0,755895.0,25310.0,0.0,792705.0,45.0,113971050.0,-73.9817906,40.7543026,1
599367,D4,206504.0,0.0,13392.0,177452.0,29052.0,152.0,20742750.0,-73.9600021,40.7699559,0
599833,O4,701095.0,637718.0,18377.0,0.0,701095.0,82.0,94988250.0,-73.9825247,40.762913,2
599881,O4,2812739.0,2685483.0,127256.0,0.0,2812739.0,513.0,447808500.0,-73.98571170000001,40.74845139999999,3
599882,O4,1633544.0,1553937.0,49000.0,0.0,1633544.0,48.0,366296400.0,-73.9817958,40.7616942,3
599884,O4,1482208.0,1430423.0,51785.0,0.0,1482208.0,79.0,320704200.0,-73.980027,40.761768,3
599887,O4,843564.0,819564.0,24000.0,0.0,843564.0,1.0,186588000.0,-73.9835277,40.764892100000004,1
599899,O4,753137.0,728237.0,10900.0,0.0,753137.0,35.0,103791150.0,-73.9807017,40.76287979999999,1
599903,H2,300941.0,,,,,1.0,7747200.0,-73.9833739,40.7592489,0
599905,H1,277509.0,0.0,0.0,0.0,89152.0,2.0,19458900.0,-73.9833124,40.7597182,0
599909,H1,634793.0,0.0,50603.0,0.0,50603.0,3.0,106867350.0,-73.98046690000001,40.7634644,0
599913,O4,2636182.0,2175062.0,240492.0,0.0,2508386.0,71.0,501645600.0,-73.9820672,40.7593805,3
599916,D6,578099.0,0.0,22800.0,489577.0,88522.0,554.0,80060850.0,-73.98581709999999,40.7618265,0
599921,O4,1020000.0,1009629.0,10371.0,0.0,1020000.0,7.0,195077700.0,-73.982843,40.7605196,1
599924,O4,866359.0,785230.0,8488.0,0.0,866359.0,103.0,185575950.0,-73.9808815,40.76536110000001,1
599934,H2,690000.0,0.0,1590.0,0.0,1590.0,3.0,79047000.0,-73.9890053,40.7575423,0
599936,O4,543411.0,444475.0,76321.0,0.0,520796.0,73.0,117675900.0,-73.975103,40.7622941,2
599938,RD,216153.0,0.0,0.0,208266.0,7887.0,424.0,37940459.0,-73.9859611,40.763618900000004,0
599939,O4,596559.0,553559.0,11000.0,0.0,596559.0,36.0,69012900.0,-73.98227179999999,40.7635113,2
599944,H3,84500.0,0.0,2850.0,0.0,2850.0,1.0,13556250.0,-73.9810694,40.752109499999996,0
599948,D6,339993.0,0.0,0.0,0.0,99875.0,128.0,28012250.0,-73.9804137,40.7725714,0
599959,O4,733001.0,712616.0,20365.0,0.0,733001.0,70.0,120812850.0,-73.9794015,40.7533251,1
599960,D8,230000.0,1000.0,20000.0,209000.0,21000.0,272.0,31908150.0,-73.99151020000001,40.7582727,0
599967,O4,444293.0,436175.0,8118.0,0.0,444293.0,27.0,88353900.0,-73.9732772,40.76043,2
599970,D8,352725.0,0.0,8080.0,336184.0,16541.0,362.0,35611650.0,-73.974237,40.7521301,0
599975,O4,373005.0,353005.0,20000.0,0.0,373005.0,2.0,62406450.0,-73.9789816,40.757077100000004,2
599981,O4,528552.0,519260.0,9282.0,0.0,528542.0,25.0,107610750.0,-73.9721327,40.76088529999999,2
599984,O4,778203.0,756583.0,21600.0,0.0,778203.0,1.0,146290500.0,-73.9789257,40.7513406,1
599985,H1,406261.0,,,,,1.0,39265650.0,-73.9726656,40.7554619,0
599987,O4,369787.0,346769.0,22998.0,0.0,369787.0,2.0,42055650.0,-73.97268129999999,40.7611792,2
599988,O4,1088389.0,1014750.0,36230.0,0.0,1088389.0,39.0,185566500.0,-73.9777565,40.7508737,1
599989,O4,359326.0,348181.0,11145.0,0.0,359326.0,62.0,46658700.0,-73.97378570000001,40.7524319,2
599991,O4,427158.0,394563.0,32595.0,0.0,427178.0,74.0,70300800.0,-73.9788703,40.7553863,2
599992,O4,301128.0,288708.0,9920.0,0.0,298648.0,85.0,38640150.0,-73.9794417,40.7517826,2
599994,O4,389438.0,313588.0,64886.0,0.0,389438.0,5.0,77875200.0,-73.9784472,40.757675299999995,2
599998,H1,832240.0,0.0,0.0,0.0,17000.0,1.0,95580000.0,-73.97492059999999,40.757951899999995,0
600000,O4,656436.0,637777.0,18639.0,0.0,656436.0,2.0,167739750.0,-73.9742168,40.75768,2
600002,D6,74291.0,0.0,3961.0,541233.0,58807.0,184.0,11382750.0,-73.9782727,40.7616936,0
600005,O4,986431.0,960471.0,18000.0,0.0,986431.0,23.0,117653400.0,-73.9758764,40.750080100000005,1
600006,O4,665110.0,615379.0,25904.0,0.0,665110.0,8.0,105614100.0,-73.9733198,40.7531756,2
600008,O4,536992.0,517700.0,18000.0,0.0,535720.0,2.0,135693000.0,-73.97372929999999,40.7583057,2
600009,O4,1142417.0,1062040.0,10658.0,0.0,1142417.0,2.0,233586450.0,-73.9800333,40.7526473,1
600012,O4,246605.0,233287.0,13298.0,0.0,246605.0,131.0,37161000.0,-73.9770238,40.7507364,0
600014,O4,1035307.0,992376.0,42931.0,0.0,1035307.0,167.0,185887800.0,-73.9753741,40.751636299999994,1
600016,O4,1064223.0,1038879.0,25344.0,0.0,1064223.0,20.0,237496500.0,-73.97367120000001,40.7591236,1
600018,O4,426775.0,402935.0,23840.0,0.0,426775.0,40.0,40136850.0,-73.9697584,40.75890029999999,2
600020,O4,458300.0,453300.0,5000.0,0.0,458300.0,50.0,46209150.0,-73.97240500000001,40.7570757,2
600021,O4,743789.0,674979.0,25632.0,0.0,743789.0,30.0,117600750.0,-73.9734891,40.7540787,1
600024,O4,666376.0,633376.0,33000.0,0.0,666376.0,40.0,92957850.0,-73.97461990000001,40.751356200000004,2
600025,O4,627691.0,584285.0,14807.0,0.0,627681.0,42.0,166980600.0,-73.974948,40.7522455,2
600026,O4,761384.0,734837.0,26220.0,0.0,761067.0,65.0,106998750.0,-73.9728142,40.7538562,1
600028,O4,292663.0,282663.0,10000.0,0.0,292663.0,1.0,113932350.0,-73.9747322,40.759705700000005,2
600033,O4,624883.0,564429.0,20000.0,0.0,624883.0,38.0,79042950.0,-73.9712716,40.7571907,2
600037,O4,1039281.0,1029281.0,10000.0,0.0,1039281.0,16.0,143023950.0,-73.974138,40.7560139,1
600040,H1,517158.0,0.0,0.0,0.0,15000.0,5.0,60798600.0,-73.9739815,40.7501072,0
600041,D3,87151.0,25656.0,0.0,46175.0,40976.0,22.0,11551500.0,-73.9719997,40.7509823,0
600042,O4,849014.0,795004.0,27000.0,0.0,849024.0,102.0,260679150.0,-73.9721482,40.7584563,1
600044,O4,984485.0,971485.0,13000.0,0.0,984485.0,36.0,214324200.0,-73.9707515,40.7578658,1
600078,O4,345048.0,310587.0,19861.0,0.0,330448.0,37.0,78950250.0,-73.97845140000001,40.7560367,2
600094,D9,394804.0,0.0,1600.0,0.0,90000.0,195.0,36264150.0,-73.9493648,40.8099534,0
600516,O4,805467.0,704001.0,16300.0,0.0,805467.0,27.0,112222350.0,-73.9702265,40.753493299999995,1
600530,O4,529169.0,510918.0,8920.0,0.0,529169.0,71.0,95593950.0,-73.9700955,40.7559059,2
602111,D3,502595.0,0.0,0.0,477595.0,25000.0,415.0,37339200.0,-73.9497213,40.7732263,0
602136,RM,186267.0,2835.0,5652.0,165401.0,20866.0,184.0,27204739.0,-73.95374559999999,40.7699535,0
603300,D4,218364.0,3633.0,6000.0,208731.0,9633.0,275.0,22628250.0,-73.98149649999999,40.7474929,0
603336,D6,128186.0,0.0,2000.0,9356.0,2000.0,104.0,7864650.0,-73.98182309999999,40.741240399999995,0
603365,D4,329706.0,0.0,27000.0,302706.0,27000.0,272.0,32955750.0,-73.976866,40.748093100000006,0
603395,D4,617569.0,18527.0,0.0,599042.0,18527.0,253.0,65294550.0,-73.9766865,40.776061999999996,0
603403,D6,351560.0,0.0,10952.0,340608.0,10952.0,311.0,36139950.0,-73.9784803,40.7446158,0
603414,D4,421205.0,0.0,12000.0,350205.0,71000.0,395.0,59737500.0,-73.982788,40.777797799999995,0
603418,D4,307549.0,0.0,5121.0,302428.0,5121.0,198.0,33615000.0,-73.9779355,40.766055,0
603438,D4,608532.0,2100.0,0.0,606432.0,2100.0,208.0,57014550.0,-73.9677083,40.788359,0
603441,D4,323484.0,0.0,6363.0,307121.0,16363.0,202.0,16257150.0,-73.97056640000001,40.792798,0
603451,D7,244841.0,2102.0,0.0,211222.0,33619.0,205.0,7549650.0,-73.968816,40.790459000000006,0
603456,D7,324992.0,0.0,3500.0,284918.0,3500.0,271.0,28653750.0,-73.97377879999999,40.788462100000004,0
603488,D4,199526.0,740.0,11165.0,169890.0,29636.0,169.0,11430900.0,-73.969043,40.7914088,0
603505,RM,216565.0,0.0,10357.0,191329.0,25236.0,200.0,29182501.0,-73.95525119999999,40.7697977,0
603511,RM,217163.0,0.0,4219.0,212944.0,4219.0,89.0,47598764.0,-73.9682999,40.7517581,0
603517,D6,566083.0,4699.0,11167.0,523883.0,42200.0,547.0,59522400.0,-73.9627675,40.7635973,0
603518,D6,215465.0,0.0,10800.0,167048.0,48417.0,116.0,20281500.0,-73.9640811,40.7643387,0
603519,D6,490652.0,4000.0,19000.0,423652.0,67000.0,328.0,60908400.0,-73.9614199,40.7655977,0
603540,D6,348130.0,0.0,7800.0,305781.0,42349.0,181.0,30714300.0,-73.9608131,40.7660669,0
603554,D6,410902.0,2000.0,0.0,370144.0,40758.0,293.0,31495950.0,-73.9534112,40.768012899999995,0
603561,D6,205261.0,0.0,5000.0,200261.0,5000.0,233.0,34346250.0,-73.95568759999999,40.7759049,0
603571,D4,345242.0,1500.0,0.0,338742.0,6500.0,125.0,30467250.0,-73.94695250000001,40.772791399999996,0
603578,D4,301851.0,0.0,4580.0,264147.0,37704.0,371.0,31549950.0,-73.94670390000002,40.781182,0
603584,D7,279945.0,4607.0,350.0,246702.0,33243.0,269.0,30936150.0,-73.945572,40.7788484,0
603653,D4,350000.0,0.0,9855.0,340145.0,9855.0,244.0,35116200.0,-73.9572117,40.7696063,0
606262,D6,281902.0,0.0,20422.0,231480.0,50422.0,270.0,30884850.0,-73.9493936,40.77218320000001,0
606275,RM,556414.0,12666.0,10322.0,533426.0,22988.0,438.0,102598224.0,-73.98087640000001,40.770441600000005,0
606500,O4,1712218.0,1504490.0,78675.0,0.0,1712218.0,30.0,441764550.0,-73.9724264,40.7577537,3
606520,D4,914921.0,0.0,30497.0,884424.0,30497.0,391.0,86302800.0,-73.96306120000001,40.7678407,0
606530,D4,325680.0,0.0,21312.0,291968.0,33712.0,130.0,32712300.0,-73.9612551,40.7695336,0
606541,D6,800227.0,59342.0,56191.0,644393.0,155834.0,725.0,104701500.0,-73.98011159999999,40.7444762,0
606673,D8,364690.0,0.0,7828.0,337107.0,27583.0,240.0,56067300.0,-73.95331440000001,40.7722727,0
607908,D7,503310.0,0.0,7000.0,496310.0,7000.0,484.0,12775950.0,-73.93556120000001,40.8479499,0
614926,D9,41500.0,0.0,0.0,41500.0,0.0,29.0,3708450.0,-73.9917999,40.692003299999996,0
615440,H1,450000.0,0.0,2870.0,14000.0,2870.0,12.0,52301700.0,-73.9895754,40.758596399999995,0
616370,O4,1596521.0,1564521.0,32000.0,0.0,1596521.0,23.0,329098950.0,-73.9869433,40.762230200000005,3
618216,O4,2245112.0,2189226.0,55886.0,0.0,2245112.0,48.0,587422800.0,-73.9847139,40.755562899999994,3
618772,D5,377214.0,0.0,6000.0,371214.0,6000.0,374.0,35383950.0,-74.01022890000002,40.7063033,0
618773,D9,493187.0,0.0,12487.0,456700.0,36487.0,440.0,53905500.0,-74.0099187,40.706207299999996,0
618814,D6,547239.0,0.0,8890.0,518349.0,28890.0,601.0,51083550.0,-73.9917902,40.7707695,0
618975,D4,250220.0,19000.0,0.0,211318.0,38902.0,277.0,24941250.0,-73.98526700000001,40.735364399999995,0
619054,RM,98881.0,3000.0,0.0,95881.0,3000.0,82.0,14805133.0,-73.9470431,40.77233579999999,0
619764,RM,94292.0,0.0,3180.0,91112.0,3180.0,126.0,11296363.0,-73.9773745,40.7491939,0
619793,RM,150768.0,0.0,2713.0,147559.0,3209.0,126.0,23431957.0,-73.96525890000001,40.755643799999994,0
620493,D7,147683.0,0.0,7154.0,0.0,7154.0,145.0,6074100.0,-73.9779929,40.745409,0
620551,D6,302854.0,0.0,16145.0,270959.0,31895.0,182.0,31680450.0,-73.950164,40.7751643,0
620585,D4,340068.0,0.0,8800.0,301268.0,38800.0,315.0,31276800.0,-73.9462556,40.781780100000006,0
621278,D1,475438.0,0.0,0.0,475438.0,0.0,400.0,7373700.0,-73.9278532,40.8363709,0
628806,O4,281263.0,269063.0,12200.0,0.0,281263.0,87.0,37353150.0,-73.97997600000001,40.751197999999995,2
628862,D6,37709.0,0.0,0.0,32530.0,5179.0,128.0,1013400.0,-73.9801031,40.7727306,0
628869,D6,38353.0,0.0,0.0,33086.0,5267.0,128.0,1030950.0,-73.98018259999999,40.7727635,0
628875,D6,115060.0,0.0,0.0,99258.0,15802.0,128.0,4664700.0,-73.9803378,40.7728294,0
629232,RM,333597.0,123802.0,3596.0,164507.0,169090.0,213.0,60401821.0,-73.9812792,40.7629979,0
630271,O4,896956.0,864078.0,2878.0,0.0,896956.0,59.0,51715350.0,-74.01373050000001,40.7033469,1
630290,O4,1007569.0,993569.0,1.0,0.0,993570.0,39.0,82539900.0,-74.0110544,40.7039922,1
630295,H2,143731.0,,,,,1.0,19089000.0,-74.0122987,40.703841100000005,0
630311,O4,406025.0,397073.0,8952.0,0.0,406025.0,88.0,20403450.0,-74.01104740000001,40.705276700000006,2
630317,O4,1529480.0,1454568.0,45000.0,0.0,1529480.0,30.0,138352950.0,-74.01264509999999,40.704499799999994,3
630322,RM,975719.0,0.0,46636.0,774779.0,46636.0,777.0,111148200.0,-74.00771490000001,40.7064627,0
630330,O4,1104184.0,1055911.0,19897.0,0.0,1104184.0,70.0,63323100.0,-74.00680240000001,40.7061471,1
630368,H3,42568.0,,,,,1.0,5876100.0,-74.00723149999999,40.7055844,0
630379,RM,542247.0,0.0,3370.0,316775.0,30995.0,350.0,88123821.0,-74.0081187,40.7050409,0
634205,D8,887879.0,14408.0,40068.0,788774.0,99105.0,927.0,74700450.0,-74.0004657,40.761270200000006,0
637713,RD,241518.0,0.0,0.0,241518.0,0.0,236.0,26488934.0,-73.9535632,40.5863199,0
638718,RM,541114.0,2892.0,9265.0,473021.0,68093.0,277.0,83908983.0,-73.9912844,40.7739918,0
638730,RM,374741.0,0.0,29275.0,321387.0,52284.0,405.0,54961334.0,-73.9996498,40.7617808,0
638811,O4,544015.0,542515.0,0.0,0.0,544015.0,96.0,53765550.0,-74.01387820000001,40.7028912,2
638869,O4,692431.0,655773.0,5089.0,0.0,692431.0,14.0,79231050.0,-74.01330109999999,40.7027595,2
640816,D6,1597950.0,16000.0,17840.0,1359110.0,238840.0,1660.0,49701600.0,-73.9226493,40.8518696,0
641866,D6,347118.0,3464.0,0.0,294630.0,52488.0,274.0,27699300.0,-73.9445418,40.7802176,0
641970,D7,1150560.0,0.0,6861.0,977899.0,172661.0,845.0,107415450.0,-73.9558542,40.7479031,0
642067,RM,657760.0,0.0,43210.0,614550.0,43210.0,846.0,120848324.0,-73.99874399999999,40.752390999999996,0
642068,O4,1824452.0,1500700.0,0.0,0.0,1824452.0,10.0,161430300.0,-73.9979572,40.752086299999995,3
642131,RM,454692.0,0.0,9071.0,372926.0,81766.0,466.0,50613822.0,-73.9609233,40.7320842,0
642135,D6,657592.0,0.0,2000.0,325796.0,2000.0,492.0,51319350.0,-73.9890418,40.7108321,0
642137,RM,1099034.0,0.0,44862.0,1019919.0,79115.0,1024.0,153681774.0,-73.99123859999999,40.7104563,0
642314,D8,583731.0,16436.0,18522.0,517053.0,66678.0,414.0,59520150.0,-73.95153140000001,40.7664998,0
642397,O4,973587.0,929884.0,479.0,0.0,973587.0,31.0,92949750.0,-74.007693,40.7038085,1
642398,H9,267570.0,116999.0,10000.0,133018.0,126999.0,89.0,20531250.0,-74.006355,40.7049093,0
642399,O4,582412.0,558708.0,16051.0,0.0,582412.0,69.0,35068500.0,-74.0059583,40.704761100000006,2
642400,O4,1079361.0,1077987.0,1374.0,0.0,1079361.0,50.0,107103150.0,-74.0055147,40.7052689,1
642415,D7,326250.0,0.0,1013.0,295237.0,31013.0,416.0,9026550.0,-73.95862890000001,40.7372408,0
643296,H2,102407.0,,,,,250.0,14359500.0,-74.01223359999999,40.702971000000005,0
643442,D7,64666.0,0.0,5000.0,0.0,7500.0,211.0,4187138.0,-74.0099012,40.7103437,0
643443,D7,50032.0,0.0,1821.0,7285.0,1821.0,211.0,3239663.0,-74.00994449999999,40.7102888,0
643524,O4,1133549.0,1059466.0,9484.0,0.0,1133548.0,4.0,75651300.0,-74.0122357,40.71451,1
644168,D8,411430.0,0.0,12197.0,374336.0,37094.0,420.0,38525400.0,-73.9962857,40.7593571,0
644193,D6,74291.0,0.0,3961.0,541233.0,58807.0,184.0,11382750.0,-73.9782041,40.7616662,0
644216,D6,163321.0,9200.0,7000.0,0.0,16200.0,85.0,22881150.0,-73.9922777,40.769976299999996,0
645538,H2,420322.0,0.0,3000.0,0.0,3000.0,5.0,48137400.0,-74.0143413,40.7094292,0
645568,RM,1202417.0,756035.0,0.0,446382.0,756035.0,623.0,95535900.0,-74.0158373,40.7056,1
645573,RM,403941.0,0.0,16868.0,312051.0,91890.0,315.0,54946864.0,-74.0123949,40.7165768,0
645575,RM,770447.0,0.0,151706.0,561827.0,208620.0,390.0,138083609.0,-74.01211690000001,40.7156271,0
645576,RM,312633.0,0.0,11118.0,169352.0,11118.0,225.0,38033567.0,-74.01371359999999,40.70916029999999,0
645577,D8,335746.0,0.0,4000.0,331746.0,4000.0,295.0,28180800.0,-74.0155345,40.706382299999994,0
645583,O4,8837500.0,2900000.0,50000.0,0.0,2950000.0,1.0,1310982750.0,-74.0123434,40.711639,3
645585,RM,179856.0,0.0,10000.0,169856.0,10000.0,284.0,29852558.0,-74.01561020000001,40.706182,0
645586,H2,142236.0,,,,,1.0,27157050.0,-74.01412459999999,40.708265399999995,0
645590,RM,386869.0,6159.0,11896.0,368814.0,18055.0,204.0,66583219.0,-74.0149938,40.7077603,0
645597,RM,366023.0,0.0,50183.0,315840.0,50183.0,454.0,45436090.0,-74.0140885,40.7078757,0
645610,RM,940515.0,462010.0,106443.0,372062.0,568453.0,169.0,105002315.0,-74.0129354,40.7137743,2
645632,RM,332029.0,0.0,0.0,329851.0,2178.0,160.0,67279056.0,-74.01259300000001,40.7154075,0
645663,D6,764332.0,0.0,187781.0,576551.0,187781.0,251.0,94579650.0,-74.0074198,40.7447,0
651619,D8,395509.0,0.0,6000.0,329509.0,66000.0,503.0,48216150.0,-73.9583361,40.74384179999999,0
651621,D4,724475.0,0.0,23090.0,505505.0,218970.0,536.0,42606900.0,-73.9571016,40.7443436,0
651624,RM,522805.0,0.0,13754.0,454014.0,68791.0,622.0,59048829.0,-73.95901490000001,40.743315,0
651625,D6,805287.0,0.0,8071.0,767216.0,38071.0,802.0,13319550.0,-73.9595535,40.741915399999996,0
651801,D8,477000.0,0.0,17000.0,460000.0,17000.0,498.0,50518800.0,-73.9574975,40.745963200000006,0
651802,D8,684862.0,0.0,5800.0,679062.0,5800.0,580.0,69214050.0,-73.95666440000001,40.745068100000005,0
651806,D8,631601.0,0.0,1.0,466000.0,2.0,403.0,48031650.0,-73.9562309,40.745699200000004,0
651874,D4,5541031.0,7200.0,0.0,5529331.0,11700.0,4470.0,109098900.0,-73.82194790000001,40.8639144,0
652141,D7,448412.0,0.0,476.0,378392.0,70020.0,424.0,36553950.0,-73.9595676,40.73642589999999,0
652173,O4,541568.0,541268.0,300.0,0.0,541568.0,35.0,58722300.0,-74.008198,40.7042257,2
652175,O4,463664.0,451164.0,7500.0,0.0,463664.0,65.0,36744750.0,-74.0067554,40.7052441,2
652176,O4,664990.0,566858.0,0.0,0.0,566858.0,23.0,47375550.0,-74.0061676,40.7056614,2
652177,RM,73250.0,0.0,2016.0,71234.0,2016.0,51.0,14914438.0,-74.0072603,40.7047912,0
655662,D8,176584.0,0.0,2000.0,0.0,2000.0,259.0,23427000.0,-73.9792883,40.745895000000004,0
655670,D3,385786.0,1142.0,0.0,378356.0,7430.0,375.0,26244900.0,-73.97274449999999,40.7389687,0
656487,O4,541195.0,516195.0,25000.0,0.0,541195.0,36.0,46641600.0,-74.00781009999999,40.712978799999995,2
658234,RI,1041794.0,944064.0,82662.0,0.0,1041794.0,11.0,268274453.0,-73.9850065,40.7547532,1
658243,RM,106502.0,0.0,27650.0,78852.0,27650.0,51.0,17230505.0,-73.9785716,40.763776899999996,0
658318,RM,244862.0,23978.0,4808.0,191568.0,53294.0,265.0,28974612.0,-73.9716595,40.7532713,0
658320,RC,2117061.0,2046035.0,71026.0,0.0,2117061.0,109.0,488805306.0,-73.97964520000001,40.7591495,3
658328,RM,292013.0,0.0,0.0,240381.0,51632.0,210.0,44891554.0,-73.9500861,40.7681872,0
658339,RM,99863.0,0.0,10205.0,89658.0,10205.0,104.0,20845008.0,-73.961811,40.7634624,0
658372,RM,1058982.0,0.0,184469.0,874513.0,184469.0,576.0,102738601.0,-74.0118304,40.7071211,0
658392,RM,482878.0,11248.0,0.0,471630.0,11248.0,514.0,35230500.0,-73.9850125,40.7760469,0
658417,RM,149477.0,0.0,3522.0,145955.0,3522.0,142.0,23493146.0,-73.9488414,40.781350399999994,0
659149,D6,524466.0,3957.0,17042.0,454034.0,70432.0,459.0,71514450.0,-73.98827259999999,40.7775652,0
659880,O4,647875.0,491163.0,156712.0,0.0,647875.0,34.0,47653650.0,-74.0105,40.7104644,2
659899,D7,121679.0,63686.0,3000.0,0.0,66686.0,211.0,7879050.0,-74.0101141,40.7104836,0
659918,D7,130534.0,0.0,1785.0,105696.0,24838.0,102.0,12049650.0,-74.0063136,40.724597499999994,0
660124,D6,235382.0,0.0,2600.0,197322.0,38060.0,258.0,26871750.0,-73.9828454,40.695010499999995,0
662240,RM,88135.0,0.0,518.0,87617.0,518.0,119.0,15345899.0,-73.97322109999999,40.7472415,0
662267,D7,919877.0,65977.0,15875.0,770908.0,190525.0,736.0,90565200.0,-73.9857036,40.769166,0
666753,D7,354522.0,0.0,1616.0,352906.0,1616.0,365.0,37107900.0,-73.9560351,40.7472225,0
671273,D6,370789.0,0.0,0.0,271455.0,99334.0,317.0,9537300.0,-73.9739541,40.681705,0
671848,D6,444113.0,0.0,9078.0,205399.0,67858.0,408.0,36249300.0,-73.97897640000001,40.7392033,0
672025,D6,288000.0,0.0,8000.0,280000.0,8000.0,302.0,41767200.0,-73.9883963,40.772042799999994,0
672031,O4,1962900.0,1763207.0,122014.0,0.0,1962900.0,48.0,386169750.0,-73.981002,40.76054129999999,3
672086,O4,491253.0,473503.0,17750.0,0.0,491253.0,252.0,45860850.0,-73.99075309999999,40.75146289999999,2
672133,D7,346325.0,7361.0,390.0,293574.0,52751.0,334.0,35437050.0,-73.9448709,40.779559000000006,0
672490,O4,304525.0,287001.0,17524.0,0.0,304526.0,28.0,38499750.0,-73.9797985,40.7535063,2
672767,D3,369482.0,0.0,0.0,291235.0,78247.0,360.0,29809800.0,-73.9590911,40.7368265,0
673964,D9,453600.0,0.0,5000.0,448600.0,5000.0,375.0,17482500.0,-73.97584499999999,40.726961100000004,0
674200,RM,279325.0,0.0,7605.0,271720.0,7605.0,280.0,29271718.0,-73.96422790000001,40.7196954,0
674638,D4,461475.0,0.0,0.0,367125.0,94350.0,318.0,8550900.0,-73.9134842,40.87558,0
674802,O4,860889.0,856889.0,3500.0,0.0,860889.0,49.0,55686150.0,-74.0129013,40.7054275,1
674922,O4,912955.0,879778.0,29132.0,0.0,912955.0,0.0,143163000.0,-73.9828835,40.7572891,1
674952,O4,408130.0,393630.0,14500.0,0.0,408130.0,140.0,76008150.0,-73.9888723,40.7541032,2
675060,D7,662532.0,0.0,34823.0,592195.0,70337.0,755.0,61673850.0,-73.9806443,40.6872205,0
676375,RM,169891.0,0.0,7545.0,162346.0,7545.0,174.0,23618701.0,-73.9690601,40.7546348,0
676621,D6,400612.0,100000.0,20000.0,270612.0,130000.0,446.0,41876550.0,-73.954936,40.76606470000001,0
676803,RM,321950.0,4476.0,0.0,292400.0,29550.0,270.0,59399570.0,-73.9894861,40.7757016,0
676839,RM,520558.0,0.0,0.0,462801.0,57757.0,270.0,87775814.0,-73.9899483,40.7750511,0
676841,D8,492654.0,10066.0,195.0,411893.0,80761.0,427.0,52917300.0,-73.95389899999999,40.7674092,0
679541,D6,240382.0,0.0,0.0,0.0,2920.0,265.0,5937030.0,-73.96737759999999,40.6821342,0
680128,D6,1970736.0,0.0,28866.0,1711870.0,258866.0,1349.0,167053950.0,-74.0108694,40.719519299999995,0
680669,O4,548680.0,533680.0,15000.0,0.0,548680.0,50.0,61603200.0,-73.9941608,40.7455454,2
680718,H2,412612.0,0.0,70655.0,0.0,70655.0,0.0,51443550.0,-73.9888988,40.7465935,0
680733,RM,249981.0,0.0,17403.0,232578.0,17403.0,203.0,47323832.0,-73.99240340000001,40.7440055,0
680761,D7,175687.0,0.0,5167.0,170520.0,5167.0,166.0,23937300.0,-73.98531870000001,40.746719399999996,0
680762,D8,106153.0,0.0,3000.0,103153.0,3000.0,111.0,14615100.0,-73.9821208,40.747715299999996,0
680765,RD,367944.0,0.0,6214.0,361730.0,6214.0,351.0,81367657.0,-73.9846157,40.7432554,0
680792,O4,606148.0,563517.0,42631.0,0.0,606148.0,35.0,67313250.0,-73.9826908,40.748934000000006,2
680807,RB,1630256.0,14622.0,0.0,0.0,1630256.0,36.0,170328598.0,-73.9864854,40.741512799999995,1
680954,D4,265541.0,0.0,0.0,265541.0,0.0,236.0,19287450.0,-73.9791571,40.7383799,0
680972,RM,924200.0,69577.0,0.0,817773.0,106427.0,863.0,102206147.0,-73.9727199,40.7463274,0
681012,RM,617105.0,0.0,27270.0,544835.0,72270.0,681.0,95175501.0,-73.98277390000001,40.77612620000001,0
681068,D8,978985.0,6807.0,31391.0,865237.0,113748.0,982.0,74474550.0,-73.98940329999999,40.77379129999999,0
681098,D4,229410.0,0.0,11217.0,213463.0,15947.0,183.0,12313350.0,-73.9697013,40.7892049,0
681222,D6,387761.0,6000.0,1215.0,334546.0,53215.0,272.0,43612200.0,-73.9733432,40.748957,0
681231,RM,233269.0,0.0,24691.0,191647.0,41622.0,196.0,44218133.0,-73.9648427,40.7644982,0
681377,RM,198774.0,4384.0,0.0,180466.0,18308.0,122.0,24646062.0,-73.9490095,40.773917700000005,0
681395,RM,291734.0,0.0,711.0,242944.0,48790.0,335.0,38497515.0,-73.95230620000001,40.773469,0
682070,D9,358400.0,0.0,5150.0,353250.0,5150.0,344.0,19132650.0,-73.9396761,40.802296500000004,0
683278,D8,367786.0,2780.0,13485.0,339326.0,28460.0,359.0,41168700.0,-73.9885616,40.7769806,0
689190,D4,391194.0,5267.0,0.0,359021.0,32173.0,262.0,35671950.0,-73.9459804,40.7783189,0
689374,O4,383934.0,325956.0,40830.0,0.0,383934.0,38.0,42058350.0,-73.980597,40.7504653,2
689469,D6,182001.0,0.0,6000.0,176000.0,6000.0,194.0,25167150.0,-73.9919295,40.6939027,0
689485,D8,408644.0,0.0,3400.0,344244.0,64400.0,324.0,46196100.0,-73.9837106,40.7699425,0
689907,D4,360080.0,0.0,0.0,360080.0,0.0,391.0,10519200.0,-74.0228618,40.6383217,0
689947,D6,548716.0,0.0,5846.0,518870.0,29846.0,651.0,50818950.0,-73.9378882,40.748043,0
691654,D7,335187.0,0.0,10992.0,303988.0,31199.0,370.0,32044050.0,-73.9799765,40.6896907,0
691730,D4,398660.0,0.0,0.0,398660.0,0.0,420.0,12764700.0,-74.0250025,40.6396085,0
691788,D6,512815.0,0.0,6438.0,400140.0,8915.0,551.0,47529900.0,-73.9373285,40.7483831,0
691789,D6,519182.0,0.0,0.0,515849.0,0.0,673.0,55441800.0,-73.9384223,40.748101,0
693292,RM,175111.0,0.0,11342.0,163769.0,11342.0,157.0,27828466.0,-73.94814620000001,40.779129600000005,0
694232,D4,167448.0,0.0,7056.0,160392.0,7056.0,92.0,14997600.0,-74.0093816,40.70884229999999,0
694238,O4,281755.0,259055.0,21200.0,0.0,281755.0,27.0,21757950.0,-74.00912159999999,40.7064764,2
694265,O4,2224200.0,1745542.0,102171.0,0.0,2224200.0,16.0,192345750.0,-74.0091254,40.7077691,3
694276,RD,336447.0,13923.0,32008.0,290516.0,45931.0,325.0,31084721.0,-74.0077912,40.7111727,0
694280,O4,1141276.0,1141266.0,0.0,0.0,1141276.0,78.0,126668250.0,-74.01011740000001,40.7086501,1
694395,O4,1000000.0,1000000.0,0.0,0.0,1000000.0,1.0,81296550.0,-74.0049924,40.714719099999996,1
694515,O4,1092665.0,1089915.0,2750.0,0.0,1092665.0,65.0,143577000.0,-74.00463570000001,40.7200001,1
695825,D4,238923.0,0.0,11000.0,227923.0,11000.0,200.0,28465650.0,-73.9961934,40.7319068,0
697791,H1,252109.0,18880.0,15725.0,0.0,75989.0,1.0,31821300.0,-73.9873552,40.7412686,0
697792,O4,1159795.0,1035453.0,35709.0,0.0,1159795.0,32.0,112364100.0,-73.98558659999999,40.742745,1
697987,O4,686603.0,599473.0,87130.0,0.0,686603.0,201.0,83747700.0,-73.9867132,40.757221,2
698017,O4,217855.0,202355.0,15500.0,0.0,217855.0,74.0,27010800.0,-73.9856417,40.7549619,0
698184,D4,667517.0,15000.0,0.0,610517.0,15000.0,500.0,84025800.0,-73.9768487,40.7770749,0
698277,D4,490265.0,10000.0,0.0,480265.0,10000.0,146.0,57959100.0,-73.97518740000001,40.7780077,0
700068,O4,817095.0,786731.0,30364.0,0.0,817095.0,1.0,154740600.0,-73.9787457,40.7612271,1
700076,O4,685125.0,636077.0,17863.0,0.0,685125.0,7.0,159455250.0,-73.97350420000001,40.7614621,2
700093,O4,659122.0,646976.0,12136.0,0.0,659122.0,154.0,113013900.0,-73.981206,40.75391,2
700125,HS,143033.0,0.0,3745.0,0.0,3745.0,182.0,13366800.0,-73.9660902,40.753343900000004,0
704092,O4,293137.0,280165.0,12972.0,0.0,293137.0,1.0,29774250.0,-73.9910064,40.6933564,2
704110,O4,290440.0,274500.0,15940.0,0.0,290440.0,102.0,35740800.0,-73.99086209999999,40.6936089,2
704381,D4,180000.0,0.0,5850.0,174150.0,5850.0,109.0,11926800.0,-73.9916413,40.691877000000005,0
716025,O4,1079378.0,1059378.0,20000.0,0.0,1079378.0,70.0,270602100.0,-73.98688680000001,40.755519299999996,1
717710,RI,1259189.0,1136272.0,85433.0,0.0,1259189.0,57.0,282183312.0,-73.9897166,40.755928499999996,1
717756,O4,855000.0,827105.0,27895.0,0.0,855000.0,2.0,193329900.0,-73.98706709999999,40.7565705,1
718133,RM,1137013.0,0.0,479121.0,630886.0,506127.0,695.0,122122353.0,-73.9832108,40.690267600000006,2
718816,D4,244249.0,0.0,4717.0,239532.0,4717.0,111.0,28903500.0,-73.9472208,40.7803835,0
718970,D6,277260.0,0.0,2000.0,275260.0,2000.0,252.0,23811300.0,-73.98621390000001,40.7108812,0
719376,W1,177232.0,0.0,0.0,0.0,177232.0,1.0,22133700.0,-73.95683609999999,40.819826500000005,0
719386,O4,1100000.0,1060000.0,40000.0,0.0,1100000.0,4.0,237406950.0,-73.9875726,40.7558569,1
723127,O4,1636000.0,1636000.0,0.0,0.0,1636000.0,59.0,201779550.0,-74.0118748,40.7133325,3
723231,RM,626593.0,175408.0,81617.0,369568.0,257025.0,232.0,196055508.0,-73.9738937,40.762310299999996,0
723232,R4,413297.0,0.0,0.0,394067.0,19230.0,411.0,68910329.0,-73.9712296,40.7456902,0
725506,D4,211406.0,0.0,2000.0,204406.0,7000.0,162.0,22852800.0,-73.956624,40.7794844,0
728812,D7,311266.0,0.0,0.0,306903.0,0.0,346.0,36970650.0,-73.9571425,40.748043599999995,0
729374,O4,516710.0,509700.0,7000.0,0.0,516710.0,35.0,70830000.0,-73.9690943,40.758702500000005,2
730082,D8,259805.0,0.0,0.0,259805.0,0.0,284.0,21398400.0,-73.940463,40.746350899999996,0
730100,D6,142849.0,0.0,2807.0,140042.0,2807.0,169.0,11398500.0,-73.9417438,40.7467907,0
730226,O4,821165.0,677674.0,21322.0,0.0,699016.0,4.0,175204350.0,-73.9776537,40.7558198,2
730231,O4,1613847.0,1547373.0,22929.0,0.0,1613847.0,77.0,341739450.0,-73.9805325,40.7611643,3
730232,H1,1172021.0,0.0,2540.0,0.0,44775.0,13.0,127525950.0,-73.9814816,40.7623886,0
730262,H3,140559.0,,,,,1.0,8860050.0,-73.9704041,40.7600093,0
730425,D8,454538.0,57790.0,15718.0,353335.0,101203.0,398.0,67450500.0,-73.99077209999999,40.74491389999999,0
730607,RM,544302.0,3618.0,21043.0,456450.0,87852.0,362.0,86033134.0,-73.9876621,40.7789896,0
730608,RM,634695.0,1275.0,0.0,546626.0,88069.0,617.0,96508091.0,-73.98727559999999,40.7797499,0
732934,RM,610764.0,61709.0,14252.0,419528.0,191236.0,423.0,25108201.0,-73.82661759999999,40.7119125,0
733923,O9,1594289.0,1593089.0,1200.0,0.0,1594289.0,2.0,294033150.0,-74.0110031,40.72086420000001,3
735236,RM,405981.0,0.0,43384.0,317831.0,88150.0,374.0,47525403.0,-73.98573470000001,40.6916513,0
735397,RM,272113.0,4401.0,17143.0,230162.0,41951.0,222.0,40030827.0,-73.9552313,40.7778754,0
735405,RM,116577.0,25700.0,1200.0,89677.0,26900.0,127.0,18333917.0,-73.9861641,40.7420232,0
735412,RM,344914.0,97912.0,32638.0,214364.0,130550.0,222.0,30336750.0,-74.0064996,40.7079093,0
735414,RM,178063.0,0.0,6753.0,169874.0,8189.0,134.0,24796800.0,-73.9522534,40.7816894,0
735421,RM,212760.0,0.0,3441.0,209319.0,3441.0,163.0,38180708.0,-73.9489558,40.77814179999999,0
735433,RM,900766.0,20132.0,0.0,773169.0,127597.0,902.0,144737100.0,-74.0056775,40.7109698,0
735439,RM,276599.0,0.0,6030.0,96506.0,6030.0,69.0,39731854.0,-74.0069616,40.7111453,0
736101,RM,273186.0,17325.0,40139.0,206211.0,66975.0,197.0,24047686.0,-73.97772420000001,40.68551,0
736725,H2,59410.0,,,,,1.0,13348013.0,-74.0122375,40.7042007,0
736734,HB,74373.0,,,,,1.0,4635900.0,-74.0132985,40.7077632,0
736740,O4,1061286.0,1041265.0,20021.0,0.0,1061286.0,1.0,58438800.0,-74.0097348,40.7070143,1
738362,H2,80122.0,,,,,1.0,15932700.0,-73.991407,40.746975299999995,0
738468,D6,488474.0,2000.0,0.0,486474.0,2000.0,274.0,44429400.0,-73.9605446,40.7684053,0
743356,Z1,486065.0,0.0,0.0,0.0,486065.0,1.0,66251250.0,-74.00089100000001,40.7138876,0
744677,D8,440553.0,0.0,5531.0,341434.0,5531.0,485.0,52457850.0,-74.00737990000002,40.7098141,0
745122,D4,330828.0,0.0,3000.0,244353.0,70725.0,216.0,32955750.0,-73.96422779999999,40.76016679999999,0
745405,O4,2233692.0,2091937.0,29283.0,0.0,2233692.0,12.0,168615000.0,-74.0148688,40.7135353,3
745833,O4,365792.0,365792.0,0.0,0.0,365792.0,29.0,32042700.0,-74.0126809,40.703382700000006,2
745856,O4,234553.0,226803.0,7750.0,0.0,234553.0,34.0,14332950.0,-74.00475390000001,40.7078819,0
746197,D4,756400.0,0.0,0.0,756400.0,0.0,584.0,26246700.0,-73.9347093,40.820968900000004,0
746216,D1,837935.0,0.0,162304.0,675630.0,162305.0,606.0,9476550.0,-73.7522726,40.5941677,0
746236,D7,841470.0,0.0,1744.0,810791.0,24488.0,743.0,119664450.0,-73.9725368,40.743837799999994,0
746286,D6,1093567.0,0.0,0.0,974506.0,79132.0,1117.0,68457476.0,-73.9455096,40.744745,0
746379,D5,335114.0,0.0,1000.0,324514.0,10600.0,399.0,36770850.0,-74.01484959999999,40.7080732,0
746392,O4,1501878.0,1395264.0,44696.0,0.0,1501878.0,1.0,170964900.0,-74.0155571,40.710645,3
746407,O4,558327.0,553501.0,4826.0,0.0,558327.0,7.0,52173900.0,-74.00847990000001,40.7091224,2
746505,H2,171129.0,,,,,401.0,26330850.0,-73.98300440000001,40.7644995,0
746562,O4,600000.0,364790.0,3210.0,0.0,368000.0,14.0,63019800.0,-73.9695997,40.7508307,2
746569,H1,1028194.0,2300.0,33782.0,0.0,36082.0,13.0,98276400.0,-73.9763376,40.7520345,0
746585,D8,922828.0,0.0,4126.0,741138.0,181690.0,764.0,132838650.0,-73.9719411,40.744458,0
746644,RM,428589.0,1640.0,3110.0,423839.0,4750.0,545.0,82774385.0,-74.0164006,40.708471,0
746684,RM,837736.0,199250.0,0.0,638486.0,199250.0,395.0,211558718.0,-74.0028405,40.753266499999995,0
746857,RM,752143.0,15618.0,32173.0,601083.0,115881.0,374.0,140169158.0,-73.99090190000001,40.7721994,0
747703,RM,175694.0,0.0,750.0,158777.0,16917.0,210.0,26734375.0,-73.9525348,40.771904600000006,0
747742,RM,209853.0,0.0,24325.0,176792.0,33061.0,95.0,34183662.0,-73.96396850000001,40.7656781,0
747818,RM,176330.0,0.0,4300.0,172030.0,4300.0,222.0,25203612.0,-73.9483245,40.7819924,0
747976,RM,209555.0,0.0,31215.0,162207.0,47348.0,162.0,38265418.0,-73.9815537,40.7754947,0
748586,D7,63500.0,0.0,2000.0,61500.0,2000.0,50.0,2186550.0,-73.9469545,40.783874700000005,0
749134,D4,212832.0,0.0,0.0,212832.0,0.0,174.0,9514350.0,-73.9990223,40.7271365,0
749245,RM,200417.0,0.0,4843.0,195574.0,4843.0,237.0,31973449.0,-73.9736537,40.748539799999996,0
749356,D3,283000.0,0.0,0.0,283000.0,0.0,250.0,35815950.0,-73.95762890000002,40.7606696,0
749500,D4,988829.0,0.0,11169.0,1057628.0,84669.0,354.0,96587100.0,-73.96094740000001,40.7587357,0
749658,RM,538277.0,0.0,16041.0,488683.0,49594.0,705.0,107913604.0,-73.99658149999999,40.7622089,0
749787,RM,253970.0,0.0,26385.0,208862.0,45108.0,167.0,35794365.0,-73.9854093,40.777982,0
749798,RM,390682.0,0.0,39962.0,330434.0,60248.0,312.0,61197300.0,-73.98457940000002,40.7754046,0
749981,D4,418312.0,0.0,9500.0,408812.0,9500.0,811.0,35551350.0,-73.97087859999999,40.7479847,0
750183,I4,595492.0,88481.0,6245.0,346672.0,248820.0,535.0,97404300.0,-73.9541493,40.765682899999995,0
750779,D9,297425.0,49115.0,22631.0,212717.0,84708.0,216.0,9699300.0,-73.93543659999999,40.8012484,0
751362,D6,315710.0,858.0,232.0,273820.0,41890.0,385.0,38801250.0,-73.9463311,40.7777097,0
751812,D7,517910.0,0.0,15728.0,487582.0,30328.0,485.0,13145400.0,-73.9342099,40.8473892,0
751953,RB,1051990.0,1051990.0,0.0,0.0,1051990.0,26.0,97611759.0,-74.0106069,40.7022658,1
753928,RM,469540.0,0.0,31109.0,438431.0,31109.0,270.0,95711853.0,-73.965878,40.7590804,0
757205,O4,316150.0,312250.0,3900.0,0.0,316150.0,54.0,15700950.0,-74.0135976,40.7061465,2
757213,O4,447452.0,429554.0,17898.0,0.0,447452.0,87.0,28306350.0,-74.0134281,40.706344200000004,2
757257,D4,593599.0,0.0,18522.0,417734.0,175865.0,370.0,33119100.0,-73.99186759999999,40.6987774,0
757261,D4,450503.0,0.0,20822.0,410881.0,39622.0,306.0,22234050.0,-73.9921707,40.6976109,0
757276,HS,131921.0,,,,,1.0,18973350.0,-73.9927124,40.756535299999996,0
757286,H2,177000.0,,,,,1.0,23306400.0,-73.99179570000001,40.7558354,0
757289,H2,98674.0,0.0,7435.0,0.0,7435.0,320.0,17171100.0,-73.9926694,40.7538208,0
757409,D6,268989.0,0.0,13507.0,225000.0,43989.0,162.0,39113550.0,-73.9753386,40.7891157,0
762440,D7,259341.0,0.0,1331.0,258010.0,1331.0,303.0,10156050.0,-73.9608819,40.7349662,0
768682,D6,796048.0,0.0,10088.0,803949.0,10088.0,557.0,108901350.0,-73.971413,40.747403000000006,0
773862,D6,719945.0,0.0,9120.0,668081.0,51864.0,691.0,275400.0,-73.96117530000001,40.7392892,0
786506,D6,265181.0,22318.0,0.0,242862.0,22319.0,201.0,17325000.0,-73.98458240000001,40.7156706,0
786532,D7,207037.0,0.0,4121.0,200576.0,6461.0,211.0,15777450.0,-73.9458472,40.7822657,0
786535,O4,313200.0,307822.0,5378.0,0.0,313200.0,56.0,36698400.0,-73.96809379999999,40.760198100000004,2
787151,D6,339668.0,0.0,6523.0,333145.0,6523.0,444.0,3387150.0,-73.9607249,40.7381034,0
788190,D6,275731.0,0.0,1623.0,266032.0,1623.0,273.0,26671500.0,-73.9412533,40.7464034,0
788242,D3,137771.0,0.0,0.0,129371.0,8400.0,142.0,13535100.0,-73.9401208,40.7495566,0
788243,D6,475485.0,0.0,5878.0,477270.0,5878.0,451.0,39807900.0,-73.939713,40.749592,0
788398,H2,122859.0,,,,,1.0,21255300.0,-73.98658470000001,40.750394799999995,0
788401,O4,1984228.0,1911850.0,21061.0,0.0,1984228.0,109.0,398716650.0,-73.9823995,40.7586641,3
788402,RM,431567.0,0.0,11221.0,342316.0,89251.0,396.0,54444313.0,-73.9841668,40.7643323,0
788404,O9,1931978.0,1790512.0,24479.0,0.0,1900241.0,50.0,471046950.0,-73.97925409999999,40.76306339999999,3
788407,D6,395432.0,0.0,0.0,0.0,4937.0,147.0,42307650.0,-74.00688609999999,40.7482105,0
788431,O4,862071.0,812763.0,41913.0,0.0,862071.0,219.0,81214650.0,-73.9766772,40.7512194,1
788434,O4,999646.0,942054.0,42193.0,0.0,999646.0,80.0,219767400.0,-73.97304190000001,40.7621042,1
788438,O4,1150564.0,1122644.0,27920.0,0.0,1150564.0,363.0,118168650.0,-73.9788424,40.752144799999996,1
788442,O4,407767.0,381767.0,24000.0,0.0,407767.0,65.0,56641050.0,-73.97147509999999,40.7539218,2
788530,O4,1899211.0,1825329.0,72162.0,0.0,1899211.0,78.0,430168050.0,-73.97888309999999,40.760472299999996,3
788531,O4,1015287.0,891618.0,24948.0,0.0,916586.0,29.0,257123700.0,-73.9744757,40.7602573,1
788855,RM,184553.0,0.0,9444.0,162776.0,21777.0,88.0,25183797.0,-73.9558167,40.771689,0
789084,H2,145344.0,,,,,1.0,20628000.0,-73.9909595,40.746470200000005,0
789104,D6,273538.0,0.0,5355.0,243493.0,30045.0,284.0,32658750.0,-73.9805703,40.7429639,0
789121,D4,564196.0,11000.0,15000.0,488696.0,75500.0,314.0,70072650.0,-73.97974029999999,40.7666756,0
789174,D4,192445.0,0.0,6800.0,185645.0,6800.0,183.0,21109050.0,-73.95197579999999,40.780989399999996,0
789511,D8,283848.0,0.0,2500.0,255448.0,2500.0,210.0,31135950.0,-73.959373,40.7597425,0
789919,D3,218666.0,0.0,0.0,218666.0,0.0,225.0,17511750.0,-73.97698790000001,40.7399467,0
792735,D6,387428.0,17608.0,24354.0,345466.0,41962.0,321.0,44400600.0,-73.981177,40.7673099,0
792855,RX,172965.0,1796.0,11322.0,158320.0,14645.0,151.0,33116579.0,-73.97565159999999,40.7823226,0
792861,D4,102593.0,1500.0,0.0,101093.0,1500.0,139.0,11106000.0,-73.9564616,40.7682995,0
794185,RM,207858.0,0.0,7880.0,188470.0,19388.0,137.0,28844559.0,-73.96760090000001,40.75669570000001,0
794187,O4,554180.0,536149.0,8031.0,0.0,554180.0,1.0,108639450.0,-73.9687771,40.757884499999996,2
794277,D6,410239.0,7948.0,854.0,401437.0,8802.0,396.0,10211850.0,-73.96016359999999,40.7413859,0
794340,RM,187676.0,0.0,7110.0,164331.0,23345.0,86.0,26347972.0,-73.96694409999999,40.756393599999996,0
794349,D6,580480.0,17760.0,34222.0,438498.0,141982.0,448.0,73449900.0,-73.965301,40.758018,0
794350,RM,395377.0,0.0,47127.0,299339.0,96038.0,507.0,43946642.0,-73.97206059999999,40.795230200000006,0
794489,O4,1103075.0,1067075.0,36000.0,0.0,1103075.0,78.0,122249250.0,-73.99117209999999,40.7491464,1
794491,O4,2689635.0,2319046.0,216912.0,0.0,2689635.0,451.0,310134600.0,-73.9923737,40.7512626,3
794493,D8,715058.0,22560.0,21158.0,642548.0,72510.0,712.0,81313650.0,-74.0036093,40.7518475,0
794509,RM,184712.0,0.0,1424.0,85406.0,1424.0,59.0,41775884.0,-73.9830688,40.7524199,0
794512,H3,39964.0,,,,,96.0,5056200.0,-73.9800627,40.750887899999995,0
794519,O4,530900.0,488245.0,20525.0,0.0,530900.0,77.0,66463650.0,-73.9784207,40.7503304,2
794520,O4,493860.0,483860.0,10000.0,0.0,493860.0,56.0,64347300.0,-73.97595240000001,40.7493583,2
794522,D6,348386.0,0.0,8000.0,340386.0,8000.0,327.0,51786000.0,-73.9796401,40.7402464,0
794526,D6,829024.0,0.0,19550.0,809474.0,19550.0,902.0,96582600.0,-73.9782398,40.7405865,0
794529,RM,702619.0,0.0,5412.0,410464.0,20999.0,135.0,164799460.0,-73.97900059999999,40.765500700000004,0
794540,RM,729506.0,183723.0,7000.0,538783.0,190723.0,483.0,81318150.0,-73.9825528,40.7659734,0
794543,RM,218996.0,54365.0,8505.0,156126.0,62870.0,173.0,29122655.0,-73.9805937,40.77424570000001,0
794546,RM,632629.0,0.0,44202.0,538309.0,94320.0,712.0,163483650.0,-73.9929671,40.7714311,0
794586,O4,1321050.0,830757.0,0.0,0.0,1321050.0,10.0,113108400.0,-73.96790340000001,40.758298700000005,1
794587,O4,1517497.0,1417379.0,27138.0,0.0,1515117.0,62.0,301503600.0,-73.982848,40.754824299999996,3
794590,O4,449876.0,369478.0,76000.0,0.0,449876.0,33.0,168595200.0,-73.97166209999999,40.7640362,2
794617,RM,140493.0,14849.0,0.0,125644.0,14849.0,158.0,17005959.0,-73.9631839,40.7613467,0
794639,RM,389838.0,4410.0,21724.0,335615.0,54223.0,296.0,44764256.0,-73.9487897,40.7828517,0
794641,D4,363389.0,0.0,10000.0,353388.0,10001.0,261.0,37652400.0,-73.9518333,40.7783846,0
795291,RC,1793091.0,1771454.0,21637.0,0.0,1793091.0,56.0,426956861.0,-73.9816122,40.7599705,3
795303,RC,1028336.0,19625.0,1008711.0,0.0,1028336.0,42.0,267936297.0,-73.9855071,40.7599766,2
795304,RM,267396.0,2926.0,6183.0,235965.0,31431.0,221.0,46178108.0,-73.98744190000001,40.759847799999996,0
795366,O4,661283.0,646657.0,14626.0,0.0,661283.0,96.0,54700650.0,-74.0112385,40.7046838,2
795370,O4,2734038.0,1863699.0,322079.0,0.0,2734038.0,603.0,506311200.0,-73.97858740000001,40.75953079999999,3
795375,RC,1654020.0,1466024.0,149455.0,0.0,1654020.0,9.0,380847236.0,-73.97003659999999,40.7583981,3
795411,RM,1071822.0,466386.0,63105.0,471633.0,600189.0,696.0,140302338.0,-73.9892147,40.7346429,2
795412,RM,208968.0,63132.0,16899.0,128937.0,80031.0,185.0,25298991.0,-73.9817517,40.7515881,0
795417,RM,221937.0,42416.0,5032.0,174489.0,47448.0,111.0,29274788.0,-73.98089329999999,40.7620454,0
795428,D6,324212.0,0.0,26612.0,297600.0,26612.0,167.0,30574800.0,-73.9649098,40.7604799,0
795440,RM,190608.0,68974.0,0.0,121634.0,68974.0,57.0,35651686.0,-73.97067709999999,40.763028600000005,0
796477,RC,1888126.0,1848626.0,39500.0,0.0,1888126.0,52.0,176604299.0,-74.01202070000001,40.702153100000004,3
796480,O4,95325.0,91006.0,3844.0,0.0,95325.0,32.0,3935250.0,-74.00885090000001,40.7051314,0
796486,O4,2084079.0,1734387.0,78736.0,0.0,2084079.0,1.0,193659300.0,-74.01588259999998,40.714032,3
796487,O4,2267925.0,1999448.0,117790.0,0.0,2267925.0,1.0,306092700.0,-74.015305,40.71245379999999,3
796746,D7,940914.0,9100.0,12360.0,0.0,53200.0,938.0,44037000.0,-74.00498809999999,40.7532335,0
796758,D7,316939.0,1240.0,0.0,0.0,16052.0,278.0,8390700.0,-74.0047571,40.753401000000004,0
796815,O4,404413.0,397665.0,5553.0,0.0,403218.0,4.0,108867150.0,-73.9855843,40.753375399999996,2
796831,RC,608800.0,200587.0,43845.0,0.0,608800.0,58.0,144682746.0,-73.9833363,40.750811600000006,2
796832,RM,327019.0,37646.0,6515.0,260784.0,66235.0,376.0,49020934.0,-73.9857073,40.7519702,0
796841,O4,616352.0,592252.0,24100.0,0.0,616352.0,17.0,127350900.0,-73.982477,40.752049299999996,2
796850,RM,97000.0,0.0,4824.0,92176.0,4824.0,95.0,10857600.0,-73.98339449999999,40.7490604,0
796908,O4,898734.0,887434.0,11300.0,0.0,898734.0,40.0,103240800.0,-73.9750755,40.748949100000004,1
796909,D6,366200.0,13338.0,5970.0,300816.0,65384.0,370.0,40741650.0,-73.9756836,40.7442859,0
796960,D7,377564.0,0.0,100000.0,330000.0,130000.0,235.0,74141100.0,-73.9816954,40.7724344,0
796961,RM,521228.0,0.0,10578.0,350197.0,164432.0,342.0,94049991.0,-73.98162049999999,40.7691078,0
796962,D4,247113.0,1302.0,895.0,208567.0,38546.0,150.0,27983250.0,-73.98313279999999,40.7707301,0
796966,RM,55339.0,0.0,0.0,53535.0,1804.0,27.0,7947002.0,-73.979901,40.772642700000006,0
796987,D6,38353.0,0.0,0.0,33086.0,5267.0,128.0,1030950.0,-73.9800237,40.7726949,0
797007,RM,64717.0,1421.0,5044.0,58252.0,6465.0,79.0,10627215.0,-73.982637,40.7752753,0
797046,H3,249505.0,0.0,1640.0,37200.0,1640.0,67.0,26757450.0,-73.9810035,40.780652,0
797144,O4,138883.0,116449.0,22434.0,0.0,138883.0,96.0,15012450.0,-73.9791599,40.75245220000001,0
797152,O4,666996.0,541667.0,25663.0,0.0,584750.0,0.0,106938900.0,-73.9710356,40.7604294,2
797155,RC,373078.0,132909.0,24953.0,0.0,163466.0,4.0,67724550.0,-73.96996120000001,40.757558200000005,0
797162,O4,672462.0,648702.0,23760.0,0.0,672462.0,1.0,90886500.0,-73.9725233,40.750392299999994,2
797168,O4,286212.0,252324.0,0.0,0.0,252324.0,40.0,35058600.0,-73.9714064,40.754218200000004,2
797171,O4,597553.0,560753.0,35800.0,0.0,597553.0,64.0,59459850.0,-73.9705397,40.7553872,2
797185,H2,84420.0,,,,,207.0,14178600.0,-73.9694382,40.7566495,0
797187,O4,634175.0,604122.0,30053.0,0.0,634175.0,29.0,107022150.0,-73.96919609999999,40.757217600000004,2
797190,D4,406179.0,0.0,8090.0,362158.0,44021.0,450.0,37657800.0,-73.96679540000001,40.757848200000005,0
797191,O4,1323432.0,1211280.0,24633.0,0.0,1323432.0,55.0,232600500.0,-73.967589,40.7589628,1
797214,R4,101315.0,0.0,8179.0,93136.0,8179.0,166.0,13723650.0,-73.9692385,40.751335600000004,0
797226,D4,539027.0,0.0,15000.0,524027.0,15001.0,374.0,55290150.0,-73.96460350000001,40.7594835,0
797235,RD,266963.0,0.0,0.0,264588.0,2375.0,353.0,27045902.0,-73.9550947,40.7556018,0
797356,D4,115525.0,850.0,0.0,114675.0,850.0,29.0,14616000.0,-73.9641358,40.7700917,0
797400,RM,101390.0,0.0,10803.0,90587.0,10803.0,51.0,18507156.0,-73.96123270000001,40.7770542,0
797446,RM,436090.0,0.0,0.0,295573.0,140517.0,199.0,35109900.0,-73.95559759999999,40.780796,0
797455,D4,114000.0,2800.0,0.0,105200.0,8800.0,109.0,10975050.0,-73.9562548,40.7808703,0
797521,RC,97249.0,0.0,1542.0,0.0,11958.0,110.0,9305552.0,-73.9475979,40.782974700000004,0
798774,D4,314509.0,0.0,23682.0,267784.0,23682.0,175.0,43590600.0,-73.9725428,40.7643081,0
799237,D6,651162.0,0.0,58500.0,499287.0,151875.0,460.0,45891000.0,-73.95473249999999,40.7786685,0
799474,H8,363100.0,0.0,0.0,0.0,86353.0,1.0,18192600.0,-73.9871575,40.6995839,0
801109,D8,357000.0,0.0,1000.0,356000.0,1000.0,342.0,38525400.0,-74.01467149999999,40.71826179999999,0
801120,H2,70044.0,,,,,1.0,9900000.0,-74.0049557,40.7058975,0
801313,RB,1736513.0,1491815.0,0.0,0.0,1736513.0,2.0,130661550.0,-74.0105213,40.7082192,3
801334,RM,458574.0,118551.0,0.0,316423.0,142151.0,296.0,72773104.0,-73.9635575,40.764775,0
801531,RC,488441.0,459172.0,8103.0,0.0,488441.0,103.0,96555155.0,-73.98082609999999,40.757184499999994,2
801535,RC,586305.0,372861.0,5341.0,0.0,378202.0,40.0,44412300.0,-73.96919559999999,40.7505095,2
802352,H2,68470.0,,,,,1.0,10630800.0,-73.98577540000001,40.754424,0
802359,H3,74128.0,,,,,1.0,14659200.0,-73.9930734,40.756387100000005,0
803166,D6,731391.0,0.0,21942.0,660607.0,70784.0,711.0,70494300.0,-73.9428573,40.7486796,0
806409,H2,128433.0,,,,,1.0,22627350.0,-73.97847390000001,40.7645537,0
812615,O4,582428.0,544135.0,38293.0,0.0,582428.0,8.0,121568850.0,-73.9777173,40.7600494,2
817038,D4,967300.0,0.0,15000.0,855000.0,112300.0,636.0,97752150.0,-73.96312490000001,40.7570978,0
820517,Z9,0.0,,,,,0.0,900.0,,,0
820671,RM,319152.0,26872.0,0.0,271633.0,47519.0,200.0,47519097.0,-73.9550257,40.7668525,0
821001,RM,684088.0,0.0,9683.0,605018.0,79070.0,588.0,74340681.0,-73.97283829999999,40.7480017,0
821241,O4,408911.0,367456.0,17000.0,0.0,408911.0,57.0,55565100.0,-73.9798199,40.7541706,2
821244,O4,331020.0,323020.0,8000.0,0.0,331020.0,86.0,42410250.0,-73.97368540000001,40.7597302,2
824872,RM,53839.0,3562.0,0.0,50277.0,3562.0,49.0,9393743.0,-73.9713057,40.7533426,0
826139,D6,227896.0,0.0,22128.0,196030.0,31866.0,228.0,31880700.0,-73.9918728,40.744839899999995,0
826449,D6,407521.0,,,,,201.0,0.0,,,0
828185,D4,13540113.0,28000.0,0.0,13211398.0,328715.0,10948.0,204495300.0,-73.8283619,40.875012700000006,0
830237,D8,455815.0,0.0,16978.0,438837.0,16978.0,441.0,35993633.0,-74.0127686,40.7091027,0
833760,D1,308302.0,0.0,10755.0,296027.0,12275.0,250.0,8078400.0,-73.967338,40.7923552,0
833905,D6,395382.0,2560.0,12310.0,358112.0,37270.0,866.0,55342800.0,-73.9604321,40.769316499999995,0
836009,D4,129255.0,0.0,10000.0,119255.0,10000.0,76.0,13691250.0,-73.96125759999998,40.7590652,0
836436,P9,447870.0,0.0,0.0,115000.0,332870.0,351.0,55665900.0,,,0
836448,I4,504420.0,0.0,0.0,0.0,504420.0,0.0,68760900.0,,,0
836453,O4,916553.0,742326.0,3459.0,0.0,910427.0,1.0,172276200.0,,,1
836646,I9,2230742.0,0.0,0.0,0.0,2230742.0,1.0,231855300.0,-73.9541429,40.7644532,1
836900,D8,589750.0,0.0,0.0,512755.0,76995.0,554.0,67132800.0,-73.96331090000001,40.720858899999996,0
836932,RM,304647.0,0.0,4053.0,271856.0,32791.0,373.0,32171886.0,-73.9835738,40.695049100000006,0
837137,H2,141335.0,0.0,0.0,0.0,21114.0,1.0,17749800.0,-73.98861579999999,40.755615500000005,0
837159,O4,163763.0,153390.0,10353.0,0.0,163763.0,2.0,31687200.0,-73.98075870000001,40.7529987,0
837314,D7,629064.0,0.0,1800.0,413714.0,29000.0,632.0,58383450.0,-73.9828853,40.6940773,0
839472,D4,300080.0,0.0,9800.0,275680.0,24400.0,367.0,31813200.0,-73.96639880000001,40.7569533,0
841008,RM,160577.0,0.0,31167.0,129410.0,31167.0,152.0,16098300.0,-73.9837804,40.690792,0
842007,O4,366879.0,360987.0,5892.0,0.0,366879.0,30.0,61022700.0,-73.97531690000001,40.75981289999999,2
845270,D4,927591.0,0.0,40140.0,773357.0,154234.0,522.0,66332250.0,-73.97955429999999,40.737748700000004,0
845334,Z9,4000.0,0.0,0.0,0.0,3000.0,196.0,155332350.0,-74.01658559999998,40.712618299999995,0
845434,D6,296400.0,0.0,18000.0,265000.0,31400.0,306.0,37278000.0,-73.99173940000001,40.7436898,0
845489,D6,219794.0,0.0,0.0,209633.0,10161.0,176.0,18780750.0,-73.98700579999999,40.7746583,0
848858,H9,112041.0,0.0,6290.0,21412.0,8058.0,257.0,1405800.0,-73.962891,40.710371,0
853646,D6,227951.0,0.0,3961.0,541233.0,58807.0,184.0,34887150.0,-73.9780993,40.76193789999999,0
853648,O4,517199.0,479816.0,7797.0,0.0,517199.0,32.0,81416700.0,-73.9777778,40.76257460000001,2
853929,RM,202855.0,25154.0,0.0,177701.0,25154.0,139.0,38836357.0,-73.98551390000002,40.7451275,0
855445,D6,268750.0,0.0,5474.0,237730.0,31020.0,264.0,31336650.0,-73.952651,40.77602720000001,0
