,yearbuilt,assesstot,longitude,latitude,Cluster
32,1983.0,43605009.0,-74.00512890000002,40.7063613,3
33,1993.0,79710304.0,-74.00437149999999,40.7068609,2
157,1982.0,67828953.0,-73.9774931,40.7613751,3
394,1998.0,351934650.0,-73.9857642,40.756021399999995,2
424,2015.0,90835087.0,-73.98056700000001,40.7669584,2
425,1989.0,61250858.0,-73.984262,40.774221600000004,3
439,1987.0,181755900.0,-74.0085048,40.7062404,3
491,2005.0,24811671.0,-73.9793172,40.757540999999996,2
857,1984.0,58536314.0,-73.97183620000001,40.745155100000005,3
960,1967.0,86879250.0,-73.99795429999999,40.7267934,3
1070,2007.0,82187865.0,-73.9667518,40.7947101,2
1976,1968.0,192125700.0,-73.9755455,40.756623499999996,3
1977,1967.0,130972050.0,-73.9753936,40.7573701,3
2455,2006.0,49054537.0,-74.01709620000001,40.7062284,2
2458,2013.0,16586551.0,-74.0059696,40.710451,2
2477,2016.0,10147043.0,-74.00476809999999,40.7054995,2
2875,1925.0,139162329.0,-73.9811849,40.7647188,0
2967,2016.0,75136050.0,-73.9918044,40.7726771,2
3131,1974.0,70344900.0,-73.9376821,40.7908856,3
3316,1975.0,60348125.0,-73.9697572,40.7617109,3
3421,1974.0,57502006.0,-73.9542451,40.773327,3
3528,1927.0,21637800.0,-74.0124398,40.7062318,0
3647,2004.0,16419150.0,-73.9464012,40.7803996,2
3680,2013.0,26712451.0,-73.9590406,40.7425191,2
3957,1962.0,70149600.0,-73.96079820000001,40.76687929999999,3
4034,2003.0,33600160.0,-73.96607,40.7576559,2
4043,2010.0,83192419.0,-73.9838129,40.750098,2
4239,2006.0,11849850.0,-73.9929543,40.756324,2
4303,2019.0,253884150.0,-74.00010470000001,40.7545346,2
5265,2008.0,83209513.0,-73.990786,40.774488500000004,2
5473,2002.0,21367347.0,-73.9655917,40.7541727,2
5834,1971.0,19541250.0,-73.9668862,40.7930523,3
5958,1988.0,48875850.0,-74.0059773,40.715819700000004,3
6413,1929.0,28846800.0,-73.9941036,40.698181899999994,0
7798,1988.0,96549750.0,-73.9796362,40.7648421,3
7799,1987.0,23948550.0,-73.98496490000001,40.763218,3
7891,1999.0,52873684.0,-73.9606793,40.7603742,2
7935,1939.0,62364150.0,-73.9784812,40.7642627,0
7936,1969.0,43008750.0,-73.979753,40.7723984,3
8226,2013.0,15340050.0,-73.9917308,40.755261700000005,2
8279,1988.0,22512605.0,-73.9706887,40.7530844,3
8302,1990.0,32305947.0,-73.96714940000001,40.757324100000005,3
8307,1969.0,96242400.0,-73.98787359999999,40.7477737,3
8323,2013.0,54142651.0,-73.9523729,40.7912302,2
8335,1986.0,66402450.0,-73.98334090000002,40.7755664,3
10844,1937.0,23260050.0,-73.97643199999999,40.750459,0
11026,2015.0,63428415.0,-73.9700052,40.764055,2
11045,2005.0,90285430.0,-73.99014,40.748723600000005,2
11366,1930.0,49350150.0,-73.96299259999999,40.7743814,0
11450,2007.0,25842150.0,-74.006752,40.7070831,2
11481,2003.0,82865250.0,-74.0069324,40.7074097,2
12054,1956.0,58251600.0,-74.006745,40.7087739,3
13038,1928.0,39505500.0,-73.9812175,40.751538599999996,0
13194,1974.0,49800600.0,-73.94813959999999,40.796805600000006,3
13215,2015.0,162364950.0,-73.9926712,40.7704347,2
13664,2003.0,69166676.0,-74.0175252,40.7055724,2
13903,1964.0,16404750.0,-73.8508422,40.7283464,3
14538,2009.0,28926450.0,-73.9849672,40.6889559,2
16465,1979.0,58842000.0,-73.95669140000001,40.770262100000004,3
16642,1935.0,25300800.0,-74.0118516,40.7043105,0
16941,2006.0,9978745.0,-73.9786355,40.68825220000001,2
18553,2020.0,17667900.0,-73.9617481,40.73467279999999,2
19935,2004.0,8379000.0,-73.99070329999999,40.746283500000004,2
20968,2001.0,29385450.0,-73.9598638,40.7599485,2
21164,1969.0,81850950.0,-73.9693165,40.7622186,3
21535,1912.0,30641400.0,-74.0078016,40.707085799999994,0
22690,1963.0,131844150.0,-73.979359,40.750745,3
22723,1967.0,13135950.0,-73.9614135,40.776692,3
22859,1973.0,6331050.0,-73.8846033,40.846439000000004,3
23679,1969.0,27099447.0,-73.97635129999999,40.7644572,3
24058,1981.0,64328850.0,-73.9696052,40.7625398,3
28800,2001.0,402504766.0,-73.96763100000001,40.761575799999996,2
28835,2012.0,102382672.0,-73.97179679999999,40.7615001,2
28861,1983.0,20225703.0,-73.9630135,40.7561508,3
28923,1992.0,84064501.0,-73.9712766,40.7623206,3
28934,1998.0,17216565.0,-73.96917890000002,40.763217600000004,2
28952,1927.0,24068443.0,-74.0068567,40.7081426,0
28956,2014.0,52419262.0,-73.9919837,40.7230246,2
28961,1967.0,50950283.0,-73.9659896,40.7525205,3
28997,1969.0,54444600.0,-73.9566686,40.7829675,3
29019,1927.0,46147512.0,-73.97009940000001,40.763278299999996,0
29021,1991.0,49865921.0,-73.95418670000001,40.779478000000005,3
29022,1987.0,32291563.0,-73.95977579999999,40.7800729,3
29024,2005.0,56172335.0,-73.9479718,40.7851295,2
29030,1987.0,29627559.0,-73.95240229999999,40.7805093,3
29033,2000.0,19439075.0,-74.005634,40.708373200000004,2
29057,1998.0,61101899.0,-74.0150285,40.717718299999994,2
29486,1979.0,77761350.0,-73.97142690000001,40.7655046,3
29571,1973.0,39258000.0,-73.9569363,40.78221,3
40226,1965.0,78511500.0,-74.0079821,40.708658500000006,3
40246,2017.0,38050200.0,-74.0063446,40.7091115,2
40272,1912.0,42336000.0,-74.0071418,40.709322799999995,0
40315,1972.0,93264750.0,-73.9713275,40.7614945,3
62713,1972.0,30162604.0,-73.9640026,40.7560029,3
63680,1931.0,44264700.0,-73.96311180000001,40.7546385,0
63689,1974.0,8163900.0,-73.9619835,40.7584698,3
63717,1974.0,28080900.0,-73.9636964,40.754935100000004,3
63726,1982.0,74514600.0,-73.96353,40.7556762,3
63783,1970.0,23681700.0,-73.9504413,40.7759879,3
64589,1985.0,32594850.0,-73.9492396,40.7846799,3
64602,2013.0,25560900.0,-73.9754972,40.681966100000004,2
64637,2019.0,22882050.0,-73.97417370000001,40.6827178,2
64680,2015.0,11062350.0,-73.9784056,40.7617523,2
67107,1972.0,17928000.0,-73.9860432,40.7162445,3
67392,1997.0,19303650.0,-73.96862790000002,40.7604014,2
67421,1968.0,80525250.0,-73.96792370000001,40.7610352,3
67457,2017.0,12433950.0,-73.96127249999999,40.7582445,2
67492,1986.0,64124100.0,-73.9682622,40.7626684,3
67494,1983.0,37465650.0,-73.9657675,40.7632523,3
67719,1980.0,28366200.0,-73.9503412,40.784370200000005,3
67783,1986.0,33487200.0,-73.95346500000001,40.7788848,3
67798,2016.0,45243032.0,-73.9497095,40.7841037,2
67871,2015.0,10826998.0,-73.9483848,40.7787317,2
67984,1986.0,15457951.0,-73.9499145,40.7755649,3
68486,1986.0,94179150.0,-73.9482505,40.7842595,3
71037,1990.0,54751050.0,-73.9496288,40.785712100000005,3
75770,1975.0,32082750.0,-73.9147422,40.8786797,3
87209,1964.0,10835550.0,-73.8497698,40.7286881,3
92726,1965.0,10603350.0,-73.8245437,40.7529518,3
104634,1972.0,155994300.0,-73.71421529999999,40.7567794,3
125449,1987.0,31625107.0,-73.9826382,40.7705132,3
125470,2004.0,46685711.0,-73.98692890000001,40.7803043,2
126949,1987.0,83303100.0,-73.96936740000001,40.7613869,3
126950,1930.0,56063250.0,-73.9716797,40.7650874,0
127224,1973.0,38443050.0,-73.9478852,40.775879700000004,3
127235,1963.0,38385900.0,-73.9686484,40.762811299999996,3
127308,1972.0,173005200.0,-73.9763588,40.7635487,3
127311,1971.0,530128800.0,-73.9749905,40.763886,3
127313,1972.0,54757350.0,-73.9753801,40.7648111,3
127316,1930.0,112709700.0,-73.97318220000001,40.76324879999999,0
127785,1986.0,9350550.0,-73.9530288,40.777935,3
127788,1975.0,72144450.0,-73.95283979999999,40.7796147,3
127792,1987.0,21384450.0,-73.952051,40.7768641,3
128222,1984.0,37218631.0,-73.95496259999999,40.7855222,3
128308,1986.0,23308212.0,-73.94717709999999,40.7763542,3
129658,1929.0,74074500.0,-73.9718289,40.762348200000005,0
131635,1973.0,58627800.0,-74.0047358,40.7074098,3
131636,1929.0,14706000.0,-74.0055546,40.707763899999996,0
131637,1971.0,60690150.0,-74.0055437,40.706995299999996,3
131653,1931.0,39686400.0,-74.0058936,40.7074674,0
131682,2012.0,14818500.0,-74.0065068,40.7073905,2
131688,2015.0,28955700.0,-74.0063156,40.70721760000001,2
133422,2016.0,20632050.0,-74.0079643,40.7106348,2
133423,1961.0,87223500.0,-74.00839,40.710870799999995,3
134427,2006.0,57322824.0,-74.01696290000001,40.706975,2
134440,1988.0,40938298.0,-74.01659520000001,40.707622799999996,3
134441,2008.0,73411851.0,-74.01475390000002,40.7159726,2
135790,1987.0,36971553.0,-74.01805999999999,40.7090773,3
135824,2016.0,14813550.0,-74.0050711,40.705746500000004,2
143266,1931.0,94093869.0,-73.9760405,40.7652476,0
143281,2017.0,22414506.0,-73.9535472,40.7800294,2
143775,1986.0,15809859.0,-73.96279,40.7622029,3
144100,2002.0,50614650.0,-74.0161357,40.716573600000004,2
146148,1952.0,295458750.0,-73.9674669,40.750349799999995,3
146941,1965.0,17986500.0,-73.83956500000001,40.7202507,3
149797,2012.0,18832950.0,-74.0073692,40.710876299999995,2
149895,1968.0,769333500.0,-73.9724348,40.76360820000001,3
150651,2000.0,40987358.0,-74.0158328,40.7172708,2
150653,2006.0,65947513.0,-74.0162726,40.716104200000004,2
150869,2016.0,63582750.0,-73.9646572,40.719525399999995,2
151155,2009.0,278424000.0,-74.0144434,40.714723799999994,2
151166,1983.0,26330850.0,-74.0132658,40.7065418,3
152243,1986.0,8803383.0,-73.9616623,40.7584093,3
153415,1974.0,6175800.0,-73.9919854,40.768469399999994,3
153574,2004.0,67095000.0,-73.93782519999999,40.8309888,2
153703,1965.0,50873347.0,-73.9603495,40.7626303,3
153756,1982.0,40387575.0,-73.9704325,40.7528565,3
153863,1984.0,56457009.0,-73.96764240000002,40.7531001,3
156691,1973.0,209690553.0,-74.0108426,40.7097535,3
156709,2004.0,28757250.0,-73.9866756,40.7470874,2
156717,2015.0,28171548.0,-73.9859421,40.751133,2
156725,1989.0,27929260.0,-73.9524777,40.7658551,3
156728,2008.0,25106851.0,-73.9841066,40.744383500000005,2
156742,1969.0,379534050.0,-73.97152709999999,40.759005,3
156759,1985.0,26127009.0,-73.9724419,40.755137899999994,3
156767,2002.0,89554950.0,-73.9876958,40.694602200000006,2
156851,2015.0,931377002.0,-74.00089870000001,40.753530100000006,2
157237,2020.0,5262300.0,-73.96072070000001,40.7268334,2
157310,1987.0,109677602.0,-73.9797447,40.764241,3
157354,2008.0,175776882.0,-73.9949718,40.7590386,2
157415,2015.0,44975250.0,-73.97887370000001,40.6877719,2
157498,1965.0,41244299.0,-73.9854166,40.7772849,3
157521,2007.0,24707304.0,-73.96396109999999,40.719344,2
157738,2018.0,0.0,-74.0085522,40.7271225,2
157771,2013.0,0.0,-73.98096579999999,40.7662265,2
157890,1950.0,105952050.0,-73.9877679,40.7535322,0
158136,1973.0,108782100.0,-73.97326120000001,40.7374235,3
158668,2019.0,21935700.0,-73.97995429999999,40.6914776,2
159214,2014.0,49409486.0,-73.95031,40.7826657,2
159490,2009.0,149303930.0,-73.9921372,40.767692700000005,2
159586,1971.0,25015276.0,-73.9702411,40.7935253,3
160197,2000.0,113738883.0,-73.96781949999999,40.7525622,2
160482,2001.0,15619507.0,-73.96696829999999,40.758561900000004,2
160559,2020.0,11897100.0,-73.9615278,40.7350926,2
160763,1981.0,42684313.0,-73.9828366,40.7711143,3
160882,2015.0,558725400.0,-73.9977045,40.7526764,2
160901,2003.0,22153954.0,-73.97278990000001,40.7605232,2
161252,1983.0,0.0,-74.0096552,40.7040571,3
161258,1988.0,38988027.0,-73.9955167,40.7601723,3
161336,2018.0,0.0,-73.9444556,40.7479627,2
161337,2013.0,0.0,-73.9810122,40.7665674,2
161354,2013.0,0.0,-73.9808008,40.7664805,2
161355,2015.0,0.0,-73.9812105,40.7666495,2
161390,2017.0,0.0,-73.80677990000001,40.7005387,2
161732,2006.0,36336032.0,-73.9870561,40.702002,2
161759,1997.0,86420157.0,-73.98270579999999,40.7745041,2
161766,1992.0,63762750.0,-74.0003824,40.7137009,3
162232,2017.0,0.0,-73.9839715,40.7454574,2
162263,1964.0,0.0,-73.97268840000001,40.7513122,3
162309,2018.0,0.0,-73.95965509999999,40.8116213,2
162540,2014.0,42613362.0,-73.9714191,40.7583079,2
162551,2012.0,44061820.0,-73.9773633,40.7608069,2
162563,2008.0,22579200.0,-73.98221240000001,40.7563119,2
162579,2008.0,95029649.0,-74.0090359,40.7127756,2
162654,1986.0,85567945.0,-73.9792897,40.7647185,3
162655,2014.0,44699760.0,-73.9931887,40.75827279999999,2
162768,2012.0,28399500.0,-73.9796128,40.687991600000004,2
162887,2013.0,125160.0,-73.98609499999999,40.6235973,2
163003,1930.0,47253186.0,-73.976896,40.76542620000001,0
163013,2007.0,16042500.0,-73.9875247,40.7610335,2
163022,2005.0,131697000.0,-73.9992347,40.7607899,2
163027,1963.0,246072150.0,-73.9797127,40.7624432,3
163035,1986.0,42397217.0,-73.9736751,40.7492096,3
163042,1973.0,204570453.0,-73.976086,40.7591982,3
163047,1930.0,114834289.0,-73.9785167,40.7661731,0
163097,2018.0,18306764.0,-73.9814192,40.6884174,2
163113,2015.0,35398800.0,-73.98656629999999,40.6980989,2
163932,1995.0,219255300.0,-73.9861968,40.7586262,2
163963,1962.0,79116300.0,-73.97824190000001,40.7562673,3
163977,1997.0,117609299.0,-73.9879916,40.693811700000005,2
163982,2002.0,128620800.0,-73.982488,40.765246000000005,2
163989,2012.0,17026202.0,-73.9745543,40.7530799,2
163995,1975.0,287401050.0,-73.98185129999999,40.7568196,3
163999,1923.0,142601850.0,-73.9768156,40.757965999999996,0
164005,1958.0,367586100.0,-73.97670649999999,40.7603703,3
164010,1989.0,242193143.0,-73.98484690000001,40.7580744,3
164013,1927.0,123580799.0,-73.975861,40.7526959,0
164020,2012.0,47791801.0,-73.9827084,40.764367799999995,2
164021,1986.0,159214950.0,-73.978013,40.760925,3
164023,1960.0,118553102.0,-73.97462420000001,40.7495666,3
164024,1930.0,154540930.0,-73.973351,40.7565023,0
164036,2012.0,23414400.0,-73.9856525,40.7551897,2
164037,1989.0,63349200.0,-73.9842223,40.7587852,3
164038,2007.0,47768428.0,-74.00540809999998,40.725305600000006,2
164039,1955.0,214297286.0,-73.9755188,40.750758000000005,3
164044,1928.0,106333652.0,-73.9731804,40.7497694,0
164049,1958.0,157638600.0,-73.9740311,40.7617806,3
164050,1950.0,16170750.0,-73.97815770000001,40.7600028,0
164053,2000.0,91532392.0,-73.9855902,40.7593919,2
164059,2007.0,165324150.0,-73.9895901,40.7566394,2
164064,2007.0,49829112.0,-73.9893965,40.7715982,2
164100,1986.0,81707685.0,-73.98585870000001,40.7700965,3
164105,1987.0,23796006.0,-73.9614605,40.7639756,3
164122,2007.0,51086711.0,-74.0062444,40.7176505,2
164152,1979.0,85265115.0,-73.98157309999999,40.77076829999999,3
164160,1992.0,149552675.0,-73.98147809999999,40.7748031,3
164161,2013.0,15825600.0,-73.9823015,40.7468562,2
164170,1930.0,23840554.0,-73.9833386,40.7704969,0
164174,2005.0,14701492.0,-73.96682309999998,40.7602609,2
164240,1962.0,45366541.0,-73.9872725,40.7771863,3
164290,2006.0,13490103.0,-73.9696365,40.796744700000005,2
164296,1950.0,75243140.0,-73.96176190000001,40.7672886,0
164309,2008.0,22912202.0,-73.97069090000001,40.7971649,2
164329,1996.0,21223346.0,-73.9592823,40.7723189,2
164341,1985.0,19298330.0,-73.9564421,40.7760205,3
164351,2005.0,147694487.0,-73.9813928,40.7698598,2
164397,2013.0,103796265.0,-73.9964987,40.75875870000001,2
164417,2017.0,43811573.0,-73.93619809999998,40.749131799999994,2
164425,1964.0,58001851.0,-73.98617879999999,40.7759208,3
164440,1978.0,126786627.0,-73.98423840000001,40.7668245,3
164464,1931.0,75084930.0,-74.0095687,40.7054608,0
164485,2015.0,34845133.0,-73.9979714,40.7576828,2
164486,2007.0,21769364.0,-73.9827016,40.6931935,2
164494,2004.0,703072485.0,-73.9830936,40.7684685,2
164497,1973.0,26184589.0,-73.9606953,40.77608789999999,3
164501,1987.0,46296477.0,-73.98303620000002,40.7670851,3
164514,2010.0,124495293.0,-73.99028100000001,40.7471289,2
164523,1986.0,43831354.0,-73.98746740000001,40.7395394,3
164533,1982.0,34129419.0,-74.0117869,40.7060205,3
164554,1982.0,38755789.0,-73.9845739,40.7679609,3
164574,1982.0,32227196.0,-73.9832954,40.769989100000004,3
164605,2007.0,23540101.0,-73.9444507,40.8027655,2
164613,1995.0,64895518.0,-73.98179240000002,40.7740758,2
164616,1967.0,35482579.0,-73.9650782,40.7630161,3
164629,2013.0,39505500.0,-73.98397609999999,40.746990999999994,2
164634,1965.0,34751345.0,-73.9843083,40.7767852,3
164674,1913.0,68650149.0,-74.00832890000001,40.7124573,0
164690,2000.0,26730450.0,-73.9938997,40.758530799999996,2
164699,2005.0,63276703.0,-74.01035859999999,40.7053674,2
164727,2004.0,56731508.0,-73.9860356,40.7527744,2
164746,1999.0,28821602.0,-73.9808618,40.7711442,2
164763,1985.0,74015968.0,-73.9526503,40.766857,3
164802,2008.0,144359100.0,-73.99877990000002,40.761531,2
164815,1989.0,94229700.0,-73.98849179999999,40.7628808,3
164826,1988.0,33234747.0,-73.98583670000001,40.7715594,3
164832,1986.0,42908844.0,-73.9655911,40.762365700000004,3
164841,1973.0,22845649.0,-73.9696392,40.7908106,3
164845,1962.0,61273580.0,-73.986561,40.77845429999999,3
164850,2003.0,29617211.0,-73.98219940000001,40.7509651,2
164853,2015.0,17155800.0,-73.93722220000001,40.7500985,2
164868,1984.0,30842562.0,-73.95679150000001,40.7661395,3
164875,1963.0,38732401.0,-73.98597640000001,40.7765466,3
164879,1990.0,30384917.0,-73.9789605,40.744020299999995,3
164882,2015.0,51803099.0,-73.9821859,40.6932373,2
164891,2007.0,37976407.0,-73.95752879999999,40.770506700000006,2
164898,1928.0,71506458.0,-74.0097349,40.707727899999995,0
164907,2004.0,92374669.0,-73.9922719,40.757872,2
164909,2014.0,82530901.0,-73.989855,40.7477931,2
164923,2015.0,72936000.0,-73.9423493,40.7476693,2
164930,1970.0,136530023.0,-73.9814068,40.7715149,3
164947,2017.0,39655785.0,-73.9862031,40.7456326,2
164948,1962.0,46261352.0,-73.9868427,40.7778505,3
164975,1913.0,91610606.0,-74.01058959999999,40.7065311,0
164983,2007.0,34110006.0,-73.967569,40.7555731,2
165032,2005.0,63764573.0,-73.98486020000001,40.747328700000004,2
165054,2016.0,25594222.0,-73.9836367,40.7474054,2
165056,1991.0,46581300.0,-73.9877972,40.770898100000004,3
165071,1998.0,34579346.0,-73.9849779,40.7695062,2
165090,1979.0,32652648.0,-73.9826939,40.764686100000006,3
165138,1910.0,31155222.0,-74.00695470000001,40.7142661,0
165163,2013.0,50956200.0,-74.0017036,40.7519848,2
165171,1986.0,24530465.0,-73.96197420000001,40.7683646,3
165186,2015.0,10400216.0,-73.94152740000001,40.7466286,2
165231,1930.0,25753950.0,-74.0027994,40.7189434,0
165631,2018.0,52586550.0,-73.9832251,40.776966200000004,2
165690,1974.0,9774000.0,-73.9353713,40.8015311,3
169422,2010.0,31244400.0,-73.991031,40.7517923,2
169438,2002.0,14914350.0,-73.9868304,40.7487644,2
169487,1971.0,42648300.0,-73.97204920000001,40.753479999999996,3
169774,2017.0,348648750.0,-74.0015773,40.7527011,2
177662,1926.0,11339100.0,-73.9491704,40.8138289,0
178906,1973.0,24313950.0,-73.98827370000001,40.7710986,3
199579,1927.0,22449150.0,-73.9719865,40.7565953,0
199580,1985.0,13761450.0,-73.9713947,40.7563371,3
199675,1926.0,33238350.0,-73.9781136,40.7624347,0
199693,1956.0,74338650.0,-74.01146240000001,40.706613399999995,3
199707,1932.0,52962750.0,-74.01165350000001,40.706272999999996,0
199714,1912.0,66271950.0,-74.0107629,40.7076263,0
199715,2002.0,32504850.0,-74.0081948,40.707363,2
199716,1907.0,31275450.0,-74.0131688,40.70808710000001,0
199722,1929.0,46988232.0,-74.0087752,40.7056282,0
199729,2017.0,36254250.0,-74.01298129999999,40.708408299999995,2
199731,1983.0,27614700.0,-74.0130242,40.706854799999995,3
199733,1913.0,48196350.0,-74.01283670000001,40.7071046,0
199737,1961.0,90820350.0,-74.0119996,40.705312299999996,3
199741,2014.0,17689050.0,-74.012664,40.7093333,2
199758,2006.0,57694950.0,-74.00914399999999,40.7122184,2
199759,1927.0,30617550.0,-74.00865340000001,40.7119906,0
199762,2017.0,14684400.0,-74.0097935,40.713725200000006,2
199788,1916.0,72030600.0,-74.00976429999999,40.710851500000004,0
199790,1961.0,38121300.0,-74.010244,40.7111396,3
200094,2018.0,284506650.0,-73.9995885,40.7552291,2
200098,2015.0,32611950.0,-74.0024363,40.7524321,2
200107,2008.0,35354700.0,-74.0032989,40.752802700000004,2
200110,2020.0,12380400.0,-74.00042590000001,40.757361700000004,2
200114,2015.0,30221100.0,-73.9986681,40.7546801,2
200117,2020.0,13215150.0,-73.99889190000002,40.75561879999999,2
200122,2015.0,250567650.0,-74.001765,40.75524,2
200133,2016.0,51858450.0,-73.99904709999998,40.756538299999995,2
200139,1962.0,88198200.0,-73.99651329999999,40.7539335,3
200143,2007.0,82932750.0,-73.99816640000002,40.7570598,2
200158,2020.0,34049700.0,-73.9996426,40.75847329999999,2
200180,1929.0,70774200.0,-73.99364399999999,40.7527229,0
200193,2000.0,75397500.0,-73.994615,40.7522619,2
200194,2015.0,16568550.0,-73.99374499999999,40.7537412,2
200196,2016.0,38706300.0,-73.9942033,40.753936100000004,2
200241,2012.0,13206600.0,-73.9925358,40.7545289,2
200253,2008.0,22338900.0,-73.99439459999999,40.7548227,2
200259,2014.0,29598750.0,-73.99308420000001,40.75669179999999,2
200276,2006.0,11376900.0,-73.99283879999999,40.756274600000005,2
200300,2015.0,10718100.0,-73.9917343,40.7561235,2
200319,2006.0,18299250.0,-73.9923695,40.7563898,2
200320,2006.0,15912900.0,-73.99252829999999,40.7564585,2
200323,1930.0,60036750.0,-73.9892766,40.75345,0
200332,2010.0,10124100.0,-73.99287120000001,40.756601200000006,2
200417,1968.0,153343800.0,-73.9838656,40.756056799999996,3
200422,1930.0,63647550.0,-73.9866888,40.75295560000001,0
200426,1958.0,54464400.0,-73.98538559999999,40.7540314,3
200432,1927.0,37179900.0,-73.9878944,40.752565999999995,0
200442,1931.0,39620700.0,-73.98626259999999,40.7546518,0
200447,1929.0,47877750.0,-73.98716850000001,40.75499779999999,0
200449,1984.0,165756600.0,-73.98336009999998,40.756671600000004,3
200453,1988.0,42365250.0,-73.984645,40.757154799999995,3
200457,1930.0,32472000.0,-73.9868007,40.753246600000004,0
200458,1969.0,118594350.0,-73.9875657,40.7541936,3
200460,1972.0,126971550.0,-73.9856377,40.756770700000004,3
200463,1988.0,52282800.0,-73.9839412,40.757034000000004,3
200469,2009.0,42398550.0,-73.9840421,40.757569200000006,2
200470,1909.0,51092100.0,-73.9840995,40.75922979999999,0
200472,2018.0,50791500.0,-73.98339200000001,40.7589305,2
200476,1911.0,41540850.0,-73.98039809999999,40.7642576,0
200479,1997.0,17117100.0,-73.9861798,40.753575899999994,2
200483,2007.0,15711300.0,-73.9779577,40.7643367,2
200503,1970.0,207316350.0,-73.9825188,40.7578984,3
200509,2018.0,9125550.0,-73.97837309999998,40.7636946,2
200510,1961.0,104575179.0,-73.98830840000001,40.7587088,3
200528,2001.0,53877600.0,-73.9869978,40.7605092,2
200543,1970.0,364938750.0,-73.98643879999999,40.757929100000005,3
200555,1989.0,64098900.0,-73.9860916,40.7608934,3
200565,1972.0,418591800.0,-73.9847016,40.7621064,3
200570,1988.0,85324500.0,-73.98391140000001,40.7608848,3
200583,1987.0,143442450.0,-73.9835462,40.7631025,3
200596,2015.0,81288900.0,-73.98407309999999,40.763560999999996,2
200600,1987.0,82152000.0,-73.98507740000001,40.760618799999996,3
200609,1929.0,56778300.0,-73.9837485,40.7625179,0
200620,1931.0,58604850.0,-73.99158249999999,40.757504100000006,0
200621,1979.0,37209150.0,-73.98146990000001,40.7654737,3
200624,1921.0,63641700.0,-73.98253100000001,40.7662753,0
200650,1950.0,115198650.0,-73.9816902,40.7649495,0
200776,2018.0,12325410.0,-73.9874308,40.761426,2
201162,1987.0,56460600.0,-73.9976067,40.760962799999994,3
201169,1996.0,37141200.0,-73.99637940000001,40.7605401,2
201279,1974.0,7374150.0,-73.98142800000001,40.7731562,3
201299,1999.0,40790250.0,-73.9816422,40.755996100000004,2
201301,2014.0,58580550.0,-73.9860604,40.7719602,2
201371,1957.0,62654400.0,-73.9801264,40.755224600000005,3
201385,1965.0,63795150.0,-73.97847469999999,40.7619654,3
201394,2015.0,11382750.0,-73.9783412,40.7617211,2
201416,1957.0,44595900.0,-73.9758652,40.7609932,3
201427,1977.0,79907400.0,-73.9768041,40.759769299999995,3
201434,2015.0,7733700.0,-73.97797299999999,40.761883000000005,2
201435,2015.0,7733700.0,-73.9779188,40.761860999999996,2
201456,2004.0,80930250.0,-73.9803579,40.753566799999994,2
201473,2017.0,409013100.0,-73.97855340000001,40.7529654,2
201488,1999.0,253474200.0,-73.9767262,40.7554682,2
201490,1914.0,122128200.0,-73.9780948,40.7535911,0
201498,1971.0,52130250.0,-73.97747079999999,40.7632744,3
201507,1981.0,103313250.0,-73.9783047,40.7519278,3
201517,1927.0,38330100.0,-73.97942629999999,40.7548375,0
201521,1988.0,42642450.0,-73.98135450000001,40.752230299999994,3
201531,2017.0,14542200.0,-73.97735390000001,40.75660739999999,2
201535,1962.0,91664100.0,-73.9750944,40.756417600000006,3
201558,1929.0,29781000.0,-73.974292,40.7591896,0
201595,1931.0,85057650.0,-73.976101,40.75763920000001,0
201606,1983.0,43407000.0,-73.9716033,40.7580609,3
201607,1958.0,108763650.0,-73.9759897,40.7559814,3
201620,1982.0,102332700.0,-73.97409959999999,40.7527476,3
201623,1971.0,60466500.0,-73.97376070000001,40.760932399999994,3
201629,1958.0,53970300.0,-73.97441459999999,40.7502719,3
201630,1929.0,222435000.0,-73.9761058,40.754392200000005,0
201637,1966.0,37296900.0,-73.9738693,40.7510156,3
201646,1983.0,16563614.0,-73.9712564,40.7505594,3
201662,1983.0,56789550.0,-73.97178509999999,40.7550115,3
201667,1966.0,373849200.0,-73.9747233,40.75462520000001,3
201682,1970.0,92158650.0,-73.9713553,40.7556345,3
201689,1984.0,45078300.0,-73.97076259999999,40.7572125,3
201867,1984.0,120366000.0,-73.97702159999999,40.7572304,3
203013,2018.0,27105750.0,-73.9838272,40.6911241,2
203045,2009.0,49792050.0,-73.98595440000001,40.692741,2
203048,1908.0,19788750.0,-73.9823922,40.690402,0
203100,2018.0,55005750.0,-73.98496340000001,40.6897875,2
203106,2018.0,21330000.0,-73.98151999999999,40.688788,2
215936,1987.0,98641350.0,-73.94406409999999,40.747058100000004,3
227300,2014.0,27947250.0,-73.9881637,40.7602403,2
227310,1976.0,202391550.0,-73.9937914,40.759389899999995,3
227378,2014.0,11819250.0,-73.98814209999999,40.7601004,2
240655,1972.0,10513800.0,-73.9848889,40.7161977,3
240874,2003.0,37579950.0,-73.99044359999999,40.745589100000004,2
240940,2014.0,15612300.0,-73.9849073,40.7463323,2
241027,1984.0,14988150.0,-73.9836269,40.743373299999995,3
241084,1974.0,12380850.0,-73.9781508,40.748033,3
241088,2002.0,12589200.0,-73.977144,40.7475607,2
241095,1990.0,24998400.0,-73.98367859999999,40.7385783,3
241124,1977.0,87316398.0,-73.9810746,40.7465102,3
241194,2013.0,133226550.0,-73.99042890000001,40.7727182,2
241255,1978.0,45727667.0,-73.9626588,40.7644399,3
241399,1981.0,20473650.0,-73.9488276,40.771027399999994,3
248472,2018.0,39942450.0,-73.9666071,40.7159468,2
251662,1963.0,48340800.0,-73.9567328,40.767635399999996,3
252844,1998.0,64358550.0,-73.98790059999999,40.778396799999996,2
262925,2017.0,8626500.0,-73.964623,40.7636692,2
265657,1914.0,70305750.0,-74.0036757,40.7129735,0
265688,1933.0,50865300.0,-74.00231219999999,40.713657,0
265818,1914.0,22947300.0,-73.9998377,40.7197751,0
266971,1965.0,61523550.0,-73.9930761,40.730498600000004,3
266985,1976.0,69371550.0,-73.9934441,40.730070500000004,3
267003,2006.0,14938650.0,-73.9892656,40.7321095,2
267711,2019.0,36060300.0,-73.9943125,40.744162100000004,2
267729,2016.0,17131950.0,-73.9927462,40.744302000000005,2
267735,2019.0,16519050.0,-73.9929411,40.744060499999996,2
267767,2000.0,47457900.0,-73.9915046,40.745257099999996,2
267815,1929.0,42259050.0,-73.991663,40.748704499999995,0
267833,2019.0,9905850.0,-73.9920747,40.7464483,2
267844,2018.0,34189650.0,-73.992432,40.74659929999999,2
267916,2005.0,59175900.0,-73.9912233,40.7443376,2
267924,2020.0,4852800.0,-73.989469,40.7468461,2
267971,2018.0,9840600.0,-73.9891552,40.74572620000001,2
267978,2018.0,5670450.0,-73.98893509999999,40.745572499999994,2
268026,2016.0,23850450.0,-73.9871228,40.7484104,2
268057,2018.0,549000.0,-73.984942,40.752458600000004,2
268070,2019.0,15219900.0,-73.9838125,40.751912299999994,2
268106,1971.0,42750450.0,-73.9862687,40.7423828,3
268113,1998.0,61618500.0,-73.9862141,40.7446417,2
268115,2008.0,30519456.0,-73.98810590000001,40.740508399999996,2
268117,1985.0,63643051.0,-73.9888889,40.7407939,3
268156,2018.0,26319150.0,-73.9847202,40.7441612,2
268168,2017.0,45695700.0,-73.9851529,40.7457175,2
268335,1987.0,17988300.0,-73.98433490000001,40.7405353,3
268527,1970.0,31475700.0,-73.982089,40.7454015,3
268818,1997.0,62190900.0,-73.9746934,40.7479335,2
268855,2015.0,46598850.0,-73.9745054,40.7487075,2
268961,1980.0,43039800.0,-73.9724525,40.7470876,3
268986,2000.0,28845900.0,-73.97319940000001,40.7475489,2
269022,1927.0,21868650.0,-73.97714859999999,40.776408,0
269050,1977.0,33572250.0,-73.9825427,40.7768096,3
269145,1999.0,67217400.0,-73.988385,40.775152500000004,2
269202,1968.0,11419650.0,-73.9676814,40.7916335,3
269433,1986.0,16244550.0,-73.9717216,40.751569599999996,3
269434,2015.0,15884100.0,-73.9723639,40.75183320000001,2
269445,1982.0,33064200.0,-73.9704508,40.760349700000006,3
269519,1929.0,24745050.0,-73.9714808,40.749209,0
269523,2018.0,7053750.0,-73.9677016,40.7575576,2
269537,2018.0,25713900.0,-73.9685419,40.7513958,2
269545,2006.0,58147200.0,-73.9689248,40.750707,2
269553,1981.0,25450200.0,-73.9695596,40.751700799999995,3
269776,1968.0,27504900.0,-73.9643912,40.7651238,3
269873,2000.0,36478364.0,-73.9582887,40.7734658,2
270214,2005.0,41845054.0,-73.95813199999999,40.7642818,2
270372,1964.0,45603450.0,-73.9508903,40.7694446,3
270604,1975.0,44526150.0,-73.94971140000001,40.7816115,3
270616,2019.0,16972200.0,-73.95408570000001,40.774112,2
270630,1975.0,74203018.0,-73.95109090000001,40.7813596,3
270829,1980.0,34145550.0,-73.9516385,40.7732052,3
271691,1974.0,8113950.0,-73.93615129999999,40.8017346,3
271769,1974.0,10057950.0,-73.93663149999999,40.8019353,3
272725,1968.0,8037900.0,-73.9599017,40.8169072,3
272734,1968.0,24517350.0,-73.936261,40.822926700000004,3
272735,1964.0,9502200.0,-73.9603497,40.8168717,3
273788,1970.0,127188450.0,-73.9430278,40.8447809,3
273819,1970.0,67987350.0,-73.94332490000001,40.8439192,3
275137,2020.0,4283550.0,-73.92852090000001,40.816988099999996,2
282942,1975.0,15732900.0,-73.8861876,40.8795554,3
292449,1972.0,65919150.0,-73.84443329999999,40.852443900000004,3
293093,1995.0,76500.0,-73.8305146,40.8546722,2
300090,1971.0,6223050.0,-73.8609397,40.8776339,3
316469,2019.0,10954350.0,-73.99083929999999,40.7022,2
316598,1967.0,8219700.0,-73.9912615,40.7003528,3
327637,1973.0,10713150.0,-73.9598184,40.6676559,3
341393,1974.0,9093600.0,-73.9701642,40.682930999999996,3
465596,1999.0,93180.0,-73.8868092,40.726828399999995,2
527178,1963.0,319737588.0,-73.9742574,40.75525089999999,3
532273,1924.0,0.0,-73.9775681,40.7649531,0
588079,1968.0,157365900.0,-74.0038165,40.7151364,3
588083,1977.0,78493500.0,-74.0045885,40.7155645,3
588211,1973.0,60465600.0,-73.9494689,40.782311299999996,3
594547,1960.0,65271150.0,-73.9733313,40.7515809,3
594583,2013.0,39622050.0,-73.9867177,40.7710874,2
595395,1970.0,12757950.0,-73.8773741,40.8799937,3
597179,1964.0,62539200.0,-73.9710922,40.7547122,3
597218,2018.0,11999520.0,-73.988125,40.7550692,2
598219,1912.0,0.0,-73.9875377,40.7492454,0
598537,1929.0,63753750.0,-73.9396359,40.747006400000004,0
598781,2019.0,39464100.0,-73.93620779999999,40.7502873,2
598920,2015.0,39497400.0,-73.9423071,40.7505815,2
598955,2017.0,166541400.0,-73.9386056,40.748949200000006,2
599269,1926.0,113971050.0,-73.9817906,40.7543026,0
599367,1966.0,20742750.0,-73.9600021,40.7699559,3
599833,1969.0,94988250.0,-73.9825247,40.762913,3
599881,1931.0,447808500.0,-73.98571170000001,40.74845139999999,0
599882,1985.0,366296400.0,-73.9817958,40.7616942,3
599884,1965.0,320704200.0,-73.980027,40.761768,3
599887,2008.0,186588000.0,-73.9835277,40.764892100000004,2
599899,1988.0,103791150.0,-73.9807017,40.76287979999999,3
599903,2020.0,7747200.0,-73.9833739,40.7592489,2
599905,2018.0,19458900.0,-73.9833124,40.7597182,2
599909,1987.0,106867350.0,-73.98046690000001,40.7634644,3
599913,1971.0,501645600.0,-73.9820672,40.7593805,3
599916,1998.0,80060850.0,-73.98581709999999,40.7618265,2
599921,1999.0,195077700.0,-73.982843,40.7605196,2
599924,1970.0,185575950.0,-73.9808815,40.76536110000001,3
599934,2000.0,79047000.0,-73.9890053,40.7575423,2
599936,1988.0,117675900.0,-73.975103,40.7622941,3
599938,2005.0,37940459.0,-73.9859611,40.763618900000004,2
599939,1968.0,69012900.0,-73.98227179999999,40.7635113,3
599944,1988.0,13556250.0,-73.9810694,40.752109499999996,3
599948,2019.0,28012250.0,-73.9804137,40.7725714,2
599959,1965.0,120812850.0,-73.9794015,40.7533251,3
599960,2003.0,31908150.0,-73.99151020000001,40.7582727,2
599967,1981.0,88353900.0,-73.9732772,40.76043,3
599970,2000.0,35611650.0,-73.974237,40.7521301,2
599975,1927.0,62406450.0,-73.9789816,40.757077100000004,0
599981,1986.0,107610750.0,-73.9721327,40.76088529999999,3
599984,1950.0,146290500.0,-73.9789257,40.7513406,0
599985,1923.0,39265650.0,-73.9726656,40.7554619,0
599987,1962.0,42055650.0,-73.97268129999999,40.7611792,3
599988,1982.0,185566500.0,-73.9777565,40.7508737,3
599989,1931.0,46658700.0,-73.97378570000001,40.7524319,0
599991,1927.0,70300800.0,-73.9788703,40.7553863,0
599992,1929.0,38640150.0,-73.9794417,40.7517826,0
599994,1949.0,77875200.0,-73.9784472,40.757675299999995,0
599998,1980.0,95580000.0,-73.97492059999999,40.757951899999995,3
600000,1994.0,167739750.0,-73.9742168,40.75768,2
600002,2015.0,11382750.0,-73.9782727,40.7616936,2
600005,1974.0,117653400.0,-73.9758764,40.750080100000005,3
600006,1959.0,105614100.0,-73.9733198,40.7531756,3
600008,1961.0,135693000.0,-73.97372929999999,40.7583057,3
600009,2002.0,233586450.0,-73.9800333,40.7526473,2
600012,1930.0,37161000.0,-73.9770238,40.7507364,0
600014,1930.0,185887800.0,-73.9753741,40.751636299999994,0
600016,1980.0,237496500.0,-73.97367120000001,40.7591236,3
600018,1964.0,40136850.0,-73.9697584,40.75890029999999,3
600020,1931.0,46209150.0,-73.97240500000001,40.7570757,0
600021,1957.0,117600750.0,-73.9734891,40.7540787,3
600024,1952.0,92957850.0,-73.97461990000001,40.751356200000004,3
600025,1987.0,166980600.0,-73.974948,40.7522455,3
600026,1957.0,106998750.0,-73.9728142,40.7538562,3
600028,2007.0,113932350.0,-73.9747322,40.759705700000005,2
600033,1958.0,79042950.0,-73.9712716,40.7571907,3
600037,1966.0,143023950.0,-73.974138,40.7560139,3
600040,1980.0,60798600.0,-73.9739815,40.7501072,3
600041,1990.0,11551500.0,-73.9719997,40.7509823,3
600042,1958.0,260679150.0,-73.9721482,40.7584563,3
600044,1985.0,214324200.0,-73.9707515,40.7578658,3
600078,1991.0,78950250.0,-73.97845140000001,40.7560367,3
600094,2017.0,36264150.0,-73.9493648,40.8099534,2
600516,1971.0,112222350.0,-73.9702265,40.753493299999995,3
600530,1969.0,95593950.0,-73.9700955,40.7559059,3
602111,1966.0,37339200.0,-73.9497213,40.7732263,3
602136,1999.0,27204739.0,-73.95374559999999,40.7699535,2
603300,1932.0,22628250.0,-73.98149649999999,40.7474929,0
603336,2019.0,7864650.0,-73.98182309999999,40.741240399999995,2
603365,1975.0,32955750.0,-73.976866,40.748093100000006,3
603395,1931.0,65294550.0,-73.9766865,40.776061999999996,0
603403,1972.0,36139950.0,-73.9784803,40.7446158,3
603414,1971.0,59737500.0,-73.982788,40.777797799999995,3
603418,1940.0,33615000.0,-73.9779355,40.766055,0
603438,1930.0,57014550.0,-73.9677083,40.788359,0
603441,1967.0,16257150.0,-73.97056640000001,40.792798,3
603451,1970.0,7549650.0,-73.968816,40.790459000000006,3
603456,1975.0,28653750.0,-73.97377879999999,40.788462100000004,3
603488,1966.0,11430900.0,-73.969043,40.7914088,3
603505,1985.0,29182501.0,-73.95525119999999,40.7697977,3
603511,2008.0,47598764.0,-73.9682999,40.7517581,2
603517,1963.0,59522400.0,-73.9627675,40.7635973,3
603518,1968.0,20281500.0,-73.9640811,40.7643387,3
603519,1979.0,60908400.0,-73.9614199,40.7655977,3
603540,1973.0,30714300.0,-73.9608131,40.7660669,3
603554,1969.0,31495950.0,-73.9534112,40.768012899999995,3
603561,1980.0,34346250.0,-73.95568759999999,40.7759049,3
603571,1973.0,30467250.0,-73.94695250000001,40.772791399999996,3
603578,1980.0,31549950.0,-73.94670390000002,40.781182,3
603584,1986.0,30936150.0,-73.945572,40.7788484,3
603653,1967.0,35116200.0,-73.9572117,40.7696063,3
606262,1972.0,30884850.0,-73.9493936,40.77218320000001,3
606275,1931.0,102598224.0,-73.98087640000001,40.770441600000005,0
606500,1969.0,441764550.0,-73.9724264,40.7577537,3
606520,1959.0,86302800.0,-73.96306120000001,40.7678407,3
606530,1962.0,32712300.0,-73.9612551,40.7695336,3
606541,1988.0,104701500.0,-73.98011159999999,40.7444762,3
606673,1989.0,56067300.0,-73.95331440000001,40.7722727,3
607908,1962.0,12775950.0,-73.93556120000001,40.8479499,3
614926,1987.0,3708450.0,-73.9917999,40.692003299999996,3
615440,2009.0,52301700.0,-73.9895754,40.758596399999995,2
616370,1987.0,329098950.0,-73.9869433,40.762230200000005,3
618216,2005.0,587422800.0,-73.9847139,40.755562899999994,2
618772,1904.0,35383950.0,-74.01022890000002,40.7063033,0
618773,1958.0,53905500.0,-74.0099187,40.706207299999996,3
618814,2003.0,51083550.0,-73.9917902,40.7707695,2
618975,1973.0,24941250.0,-73.98526700000001,40.735364399999995,3
619054,1988.0,14805133.0,-73.9470431,40.77233579999999,3
619764,2013.0,11296363.0,-73.9773745,40.7491939,2
619793,2008.0,23431957.0,-73.96525890000001,40.755643799999994,2
620493,2020.0,6074100.0,-73.9779929,40.745409,2
620551,1994.0,31680450.0,-73.950164,40.7751643,2
620585,1974.0,31276800.0,-73.9462556,40.781780100000006,3
621278,1947.0,7373700.0,-73.9278532,40.8363709,0
628806,1931.0,37353150.0,-73.97997600000001,40.751197999999995,0
628862,2019.0,1013400.0,-73.9801031,40.7727306,2
628869,2019.0,1030950.0,-73.98018259999999,40.7727635,2
628875,2019.0,4664700.0,-73.9803378,40.7728294,2
629232,1968.0,60401821.0,-73.9812792,40.7629979,3
630271,1971.0,51715350.0,-74.01373050000001,40.7033469,3
630290,1983.0,82539900.0,-74.0110544,40.7039922,3
630295,2007.0,19089000.0,-74.0122987,40.703841100000005,2
630311,1968.0,20403450.0,-74.01104740000001,40.705276700000006,3
630317,1958.0,138352950.0,-74.01264509999999,40.704499799999994,3
630322,1932.0,111148200.0,-74.00771490000001,40.7064627,0
630330,1961.0,63323100.0,-74.00680240000001,40.7061471,3
630368,2007.0,5876100.0,-74.00723149999999,40.7055844,2
630379,1987.0,88123821.0,-74.0081187,40.7050409,3
634205,1999.0,74700450.0,-74.0004657,40.761270200000006,2
637713,2016.0,26488934.0,-73.9535632,40.5863199,2
638718,2013.0,83908983.0,-73.9912844,40.7739918,2
638730,2005.0,54961334.0,-73.9996498,40.7617808,2
638811,1987.0,53765550.0,-74.01387820000001,40.7028912,3
638869,1970.0,79231050.0,-74.01330109999999,40.7027595,3
640816,1973.0,49701600.0,-73.9226493,40.8518696,3
641866,1994.0,27699300.0,-73.9445418,40.7802176,2
641970,2011.0,107415450.0,-73.9558542,40.7479031,2
642067,2015.0,120848324.0,-73.99874399999999,40.752390999999996,2
642068,2020.0,161430300.0,-73.9979572,40.752086299999995,2
642131,2017.0,50613822.0,-73.9609233,40.7320842,2
642135,1979.0,51319350.0,-73.9890418,40.7108321,3
642137,2015.0,153681774.0,-73.99123859999999,40.7104563,2
642314,1986.0,59520150.0,-73.95153140000001,40.7664998,3
642397,1987.0,92949750.0,-74.007693,40.7038085,3
642398,1965.0,20531250.0,-74.006355,40.7049093,3
642399,1929.0,35068500.0,-74.0059583,40.704761100000006,0
642400,1982.0,107103150.0,-74.0055147,40.7052689,3
642415,2019.0,9026550.0,-73.95862890000001,40.7372408,2
643296,2015.0,14359500.0,-74.01223359999999,40.702971000000005,2
643442,2019.0,4187138.0,-74.0099012,40.7103437,2
643443,2019.0,3239663.0,-74.00994449999999,40.7102888,2
643524,1983.0,75651300.0,-74.0122357,40.71451,3
644168,2003.0,38525400.0,-73.9962857,40.7593571,2
644193,2015.0,11382750.0,-73.9782041,40.7616662,2
644216,2018.0,22881150.0,-73.9922777,40.769976299999996,2
645538,1989.0,48137400.0,-74.0143413,40.7094292,3
645568,1902.0,95535900.0,-74.0158373,40.7056,0
645573,2005.0,54946864.0,-74.0123949,40.7165768,2
645575,2006.0,138083609.0,-74.01211690000001,40.7156271,2
645576,2007.0,38033567.0,-74.01371359999999,40.70916029999999,2
645577,1931.0,28180800.0,-74.0155345,40.706382299999994,0
645583,2009.0,1310982750.0,-74.0123434,40.711639,2
645585,1930.0,29852558.0,-74.01561020000001,40.706182,0
645586,2012.0,27157050.0,-74.01412459999999,40.708265399999995,2
645590,2014.0,66583219.0,-74.0149938,40.7077603,2
645597,1956.0,45436090.0,-74.0140885,40.7078757,3
645610,1930.0,105002315.0,-74.0129354,40.7137743,0
645632,2016.0,67279056.0,-74.01259300000001,40.7154075,2
645663,2017.0,94579650.0,-74.0074198,40.7447,2
651619,2000.0,48216150.0,-73.9583361,40.74384179999999,2
651621,1996.0,42606900.0,-73.9571016,40.7443436,2
651624,2013.0,59048829.0,-73.95901490000001,40.743315,2
651625,2019.0,13319550.0,-73.9595535,40.741915399999996,2
651801,2007.0,50518800.0,-73.9574975,40.745963200000006,2
651802,2006.0,69214050.0,-73.95666440000001,40.745068100000005,2
651806,2007.0,48031650.0,-73.9562309,40.745699200000004,2
651874,1969.0,109098900.0,-73.82194790000001,40.8639144,3
652141,2018.0,36553950.0,-73.9595676,40.73642589999999,2
652173,1969.0,58722300.0,-74.008198,40.7042257,3
652175,1969.0,36744750.0,-74.0067554,40.7052441,3
652176,1973.0,47375550.0,-74.0061676,40.7056614,3
652177,1931.0,14914438.0,-74.0072603,40.7047912,0
655662,1987.0,23427000.0,-73.9792883,40.745895000000004,3
655670,1973.0,26244900.0,-73.97274449999999,40.7389687,3
656487,1964.0,46641600.0,-74.00781009999999,40.712978799999995,3
658234,1972.0,268274453.0,-73.9850065,40.7547532,3
658243,1982.0,17230505.0,-73.9785716,40.763776899999996,3
658318,1979.0,28974612.0,-73.9716595,40.7532713,3
658320,1937.0,488805306.0,-73.97964520000001,40.7591495,0
658328,1986.0,44891554.0,-73.9500861,40.7681872,3
658339,1996.0,20845008.0,-73.961811,40.7634624,2
658372,1930.0,102738601.0,-74.0118304,40.7071211,0
658392,1963.0,35230500.0,-73.9850125,40.7760469,3
658417,2000.0,23493146.0,-73.9488414,40.781350399999994,2
659149,1999.0,71514450.0,-73.98827259999999,40.7775652,2
659880,1973.0,47653650.0,-74.0105,40.7104644,3
659899,2019.0,7879050.0,-74.0101141,40.7104836,2
659918,2018.0,12049650.0,-74.0063136,40.724597499999994,2
660124,2013.0,26871750.0,-73.9828454,40.695010499999995,2
662240,1984.0,15345899.0,-73.97322109999999,40.7472415,3
662267,1997.0,90565200.0,-73.9857036,40.769166,2
666753,2010.0,37107900.0,-73.9560351,40.7472225,2
671273,2019.0,9537300.0,-73.9739541,40.681705,2
671848,1970.0,36249300.0,-73.97897640000001,40.7392033,3
672025,2007.0,41767200.0,-73.9883963,40.772042799999994,2
672031,1961.0,386169750.0,-73.981002,40.76054129999999,3
672086,1930.0,45860850.0,-73.99075309999999,40.75146289999999,0
672133,1986.0,35437050.0,-73.9448709,40.779559000000006,3
672490,1968.0,38499750.0,-73.9797985,40.7535063,3
672767,2017.0,29809800.0,-73.9590911,40.7368265,2
673964,1966.0,17482500.0,-73.97584499999999,40.726961100000004,3
674200,2010.0,29271718.0,-73.96422790000001,40.7196954,2
674638,1972.0,8550900.0,-73.9134842,40.87558,3
674802,1885.0,55686150.0,-74.0129013,40.7054275,0
674922,1988.0,143163000.0,-73.9828835,40.7572891,3
674952,1929.0,76008150.0,-73.9888723,40.7541032,0
675060,2014.0,61673850.0,-73.9806443,40.6872205,2
676375,1985.0,23618701.0,-73.9690601,40.7546348,3
676621,1966.0,41876550.0,-73.954936,40.76606470000001,3
676803,2006.0,59399570.0,-73.9894861,40.7757016,2
676839,2006.0,87775814.0,-73.9899483,40.7750511,2
676841,1977.0,52917300.0,-73.95389899999999,40.7674092,3
679541,2020.0,5937030.0,-73.96737759999999,40.6821342,2
680128,1975.0,167053950.0,-74.0108694,40.719519299999995,3
680669,1928.0,61603200.0,-73.9941608,40.7455454,0
680718,2017.0,51443550.0,-73.9888988,40.7465935,2
680733,2006.0,47323832.0,-73.99240340000001,40.7440055,2
680761,2008.0,23937300.0,-73.98531870000001,40.746719399999996,2
680762,2007.0,14615100.0,-73.9821208,40.747715299999996,2
680765,2013.0,81367657.0,-73.9846157,40.7432554,2
680792,1926.0,67313250.0,-73.9826908,40.748934000000006,0
680807,1932.0,170328598.0,-73.9864854,40.741512799999995,0
680954,1975.0,19287450.0,-73.9791571,40.7383799,3
680972,1989.0,102206147.0,-73.9727199,40.7463274,3
681012,1965.0,95175501.0,-73.98277390000001,40.77612620000001,3
681068,1994.0,74474550.0,-73.98940329999999,40.77379129999999,2
681098,1970.0,12313350.0,-73.9697013,40.7892049,3
681222,1972.0,43612200.0,-73.9733432,40.748957,3
681231,1987.0,44218133.0,-73.9648427,40.7644982,3
681377,2005.0,24646062.0,-73.9490095,40.773917700000005,2
681395,1973.0,38497515.0,-73.95230620000001,40.773469,3
682070,1974.0,19132650.0,-73.9396761,40.802296500000004,3
683278,2002.0,41168700.0,-73.9885616,40.7769806,2
689190,1971.0,35671950.0,-73.9459804,40.7783189,3
689374,1954.0,42058350.0,-73.980597,40.7504653,3
689469,1999.0,25167150.0,-73.9919295,40.6939027,2
689485,1981.0,46196100.0,-73.9837106,40.7699425,3
689907,1971.0,10519200.0,-74.0228618,40.6383217,3
689947,2016.0,50818950.0,-73.9378882,40.748043,2
691654,2011.0,32044050.0,-73.9799765,40.6896907,2
691730,1971.0,12764700.0,-74.0250025,40.6396085,3
691788,2016.0,47529900.0,-73.9373285,40.7483831,2
691789,2015.0,55441800.0,-73.9384223,40.748101,2
693292,2002.0,27828466.0,-73.94814620000001,40.779129600000005,2
694232,1910.0,14997600.0,-74.0093816,40.70884229999999,0
694238,1929.0,21757950.0,-74.00912159999999,40.7064764,0
694265,1964.0,192345750.0,-74.0091254,40.7077691,3
694276,1899.0,31084721.0,-74.0077912,40.7111727,0
694280,1968.0,126668250.0,-74.01011740000001,40.7086501,3
694395,1994.0,81296550.0,-74.0049924,40.714719099999996,2
694515,1914.0,143577000.0,-74.00463570000001,40.7200001,0
695825,1926.0,28465650.0,-73.9961934,40.7319068,0
697791,1909.0,31821300.0,-73.9873552,40.7412686,0
697792,1928.0,112364100.0,-73.98558659999999,40.742745,0
697987,1927.0,83747700.0,-73.9867132,40.757221,0
698017,1918.0,27010800.0,-73.9856417,40.7549619,0
698184,1963.0,84025800.0,-73.9768487,40.7770749,3
698277,1890.0,57959100.0,-73.97518740000001,40.7780077,0
700068,1964.0,154740600.0,-73.9787457,40.7612271,3
700076,1984.0,159455250.0,-73.97350420000001,40.7614621,3
700093,1931.0,113013900.0,-73.981206,40.75391,0
700125,1929.0,13366800.0,-73.9660902,40.753343900000004,0
704092,1926.0,29774250.0,-73.9910064,40.6933564,0
704110,1927.0,35740800.0,-73.99086209999999,40.6936089,0
704381,1928.0,11926800.0,-73.9916413,40.691877000000005,0
716025,2002.0,270602100.0,-73.98688680000001,40.755519299999996,2
717710,2003.0,282183312.0,-73.9897166,40.755928499999996,2
717756,1999.0,193329900.0,-73.98706709999999,40.7565705,2
718133,2011.0,122122353.0,-73.9832108,40.690267600000006,2
718816,2007.0,28903500.0,-73.9472208,40.7803835,2
718970,1975.0,23811300.0,-73.98621390000001,40.7108812,3
719376,1975.0,22133700.0,-73.95683609999999,40.819826500000005,3
719386,2000.0,237406950.0,-73.9875726,40.7558569,2
723127,2006.0,201779550.0,-74.0118748,40.7133325,2
723231,1983.0,196055508.0,-73.9738937,40.762310299999996,3
723232,1989.0,68910329.0,-73.9712296,40.7456902,3
725506,1971.0,22852800.0,-73.956624,40.7794844,3
728812,2011.0,36970650.0,-73.9571425,40.748043599999995,2
729374,1983.0,70830000.0,-73.9690943,40.758702500000005,3
730082,2015.0,21398400.0,-73.940463,40.746350899999996,2
730100,2016.0,11398500.0,-73.9417438,40.7467907,2
730226,1953.0,175204350.0,-73.9776537,40.7558198,3
730231,1961.0,341739450.0,-73.9805325,40.7611643,3
730232,1960.0,127525950.0,-73.9814816,40.7623886,3
730262,1982.0,8860050.0,-73.9704041,40.7600093,3
730425,2000.0,67450500.0,-73.99077209999999,40.74491389999999,2
730607,1997.0,86033134.0,-73.9876621,40.7789896,2
730608,2000.0,96508091.0,-73.98727559999999,40.7797499,2
732934,1960.0,25108201.0,-73.82661759999999,40.7119125,3
733923,1989.0,294033150.0,-74.0110031,40.72086420000001,3
735236,2012.0,47525403.0,-73.98573470000001,40.6916513,2
735397,1987.0,40030827.0,-73.9552313,40.7778754,3
735405,1987.0,18333917.0,-73.9861641,40.7420232,3
735412,1931.0,30336750.0,-74.0064996,40.7079093,0
735414,2003.0,24796800.0,-73.9522534,40.7816894,2
735421,1988.0,38180708.0,-73.9489558,40.77814179999999,3
735433,2007.0,144737100.0,-74.0056775,40.7109698,2
735439,1883.0,39731854.0,-74.0069616,40.7111453,0
736101,1929.0,24047686.0,-73.97772420000001,40.68551,0
736725,2016.0,13348013.0,-74.0122375,40.7042007,2
736734,2019.0,4635900.0,-74.0132985,40.7077632,2
736740,1930.0,58438800.0,-74.0097348,40.7070143,0
738362,2006.0,15932700.0,-73.991407,40.746975299999995,2
738468,1975.0,44429400.0,-73.9605446,40.7684053,3
743356,1992.0,66251250.0,-74.00089100000001,40.7138876,3
744677,2016.0,52457850.0,-74.00737990000002,40.7098141,2
745122,1974.0,32955750.0,-73.96422779999999,40.76016679999999,3
745405,1986.0,168615000.0,-74.0148688,40.7135353,3
745833,1986.0,32042700.0,-74.0126809,40.703382700000006,3
745856,1987.0,14332950.0,-74.00475390000001,40.7078819,3
746197,1966.0,26246700.0,-73.9347093,40.820968900000004,3
746216,1971.0,9476550.0,-73.7522726,40.5941677,3
746236,1985.0,119664450.0,-73.9725368,40.743837799999994,3
746286,2016.0,68457476.0,-73.9455096,40.744745,2
746379,1969.0,36770850.0,-74.01484959999999,40.7080732,3
746392,1986.0,170964900.0,-74.0155571,40.710645,3
746407,1986.0,52173900.0,-74.00847990000001,40.7091224,3
746505,2013.0,26330850.0,-73.98300440000001,40.7644995,2
746562,1984.0,63019800.0,-73.9695997,40.7508307,3
746569,1919.0,98276400.0,-73.9763376,40.7520345,0
746585,2014.0,132838650.0,-73.9719411,40.744458,2
746644,1987.0,82774385.0,-74.0164006,40.708471,3
746684,2015.0,211558718.0,-74.0028405,40.753266499999995,2
746857,2014.0,140169158.0,-73.99090190000001,40.7721994,2
747703,1986.0,26734375.0,-73.9525348,40.771904600000006,3
747742,2000.0,34183662.0,-73.96396850000001,40.7656781,2
747818,1987.0,25203612.0,-73.9483245,40.7819924,3
747976,1987.0,38265418.0,-73.9815537,40.7754947,3
748586,1988.0,2186550.0,-73.9469545,40.783874700000005,3
749134,1967.0,9514350.0,-73.9990223,40.7271365,3
749245,1988.0,31973449.0,-73.9736537,40.748539799999996,3
749356,1975.0,35815950.0,-73.95762890000002,40.7606696,3
749500,1975.0,96587100.0,-73.96094740000001,40.7587357,3
749658,2011.0,107913604.0,-73.99658149999999,40.7622089,2
749787,2006.0,35794365.0,-73.9854093,40.777982,2
749798,2007.0,61197300.0,-73.98457940000002,40.7754046,2
749981,1930.0,35551350.0,-73.97087859999999,40.7479847,0
750183,1987.0,97404300.0,-73.9541493,40.765682899999995,3
750779,1974.0,9699300.0,-73.93543659999999,40.8012484,3
751362,1974.0,38801250.0,-73.9463311,40.7777097,3
751812,1964.0,13145400.0,-73.9342099,40.8473892,3
751953,1970.0,97611759.0,-74.0106069,40.7022658,3
753928,2014.0,95711853.0,-73.965878,40.7590804,2
757205,1925.0,15700950.0,-74.0135976,40.7061465,0
757213,1928.0,28306350.0,-74.0134281,40.706344200000004,0
757257,1967.0,33119100.0,-73.99186759999999,40.6987774,3
757261,1971.0,22234050.0,-73.9921707,40.6976109,3
757276,2010.0,18973350.0,-73.9927124,40.756535299999996,2
757286,2010.0,23306400.0,-73.99179570000001,40.7558354,2
757289,2017.0,17171100.0,-73.9926694,40.7538208,2
757409,1984.0,39113550.0,-73.9753386,40.7891157,3
762440,2020.0,10156050.0,-73.9608819,40.7349662,2
768682,2016.0,108901350.0,-73.971413,40.747403000000006,2
773862,2020.0,275400.0,-73.96117530000001,40.7392892,2
786506,1976.0,17325000.0,-73.98458240000001,40.7156706,3
786532,1998.0,15777450.0,-73.9458472,40.7822657,2
786535,1977.0,36698400.0,-73.96809379999999,40.760198100000004,3
787151,2020.0,3387150.0,-73.9607249,40.7381034,2
788190,2015.0,26671500.0,-73.9412533,40.7464034,2
788242,2011.0,13535100.0,-73.9401208,40.7495566,2
788243,2015.0,39807900.0,-73.939713,40.749592,2
788398,2008.0,21255300.0,-73.98658470000001,40.750394799999995,2
788401,1973.0,398716650.0,-73.9823995,40.7586641,3
788402,2003.0,54444313.0,-73.9841668,40.7643323,2
788404,1968.0,471046950.0,-73.97925409999999,40.76306339999999,3
788407,2019.0,42307650.0,-74.00688609999999,40.7482105,2
788431,1929.0,81214650.0,-73.9766772,40.7512194,0
788434,1981.0,219767400.0,-73.97304190000001,40.7621042,3
788438,1929.0,118168650.0,-73.9788424,40.752144799999996,0
788442,1964.0,56641050.0,-73.97147509999999,40.7539218,3
788530,1963.0,430168050.0,-73.97888309999999,40.760472299999996,3
788531,1982.0,257123700.0,-73.9744757,40.7602573,3
788855,2000.0,25183797.0,-73.9558167,40.771689,2
789084,2016.0,20628000.0,-73.9909595,40.746470200000005,2
789104,1981.0,32658750.0,-73.9805703,40.7429639,3
789121,1963.0,70072650.0,-73.97974029999999,40.7666756,3
789174,1980.0,21109050.0,-73.95197579999999,40.780989399999996,3
789511,2009.0,31135950.0,-73.959373,40.7597425,2
789919,1970.0,17511750.0,-73.97698790000001,40.7399467,3
792735,1940.0,44400600.0,-73.981177,40.7673099,0
792855,1986.0,33116579.0,-73.97565159999999,40.7823226,3
792861,1975.0,11106000.0,-73.9564616,40.7682995,3
794185,2006.0,28844559.0,-73.96760090000001,40.75669570000001,2
794187,1986.0,108639450.0,-73.9687771,40.757884499999996,3
794277,2019.0,10211850.0,-73.96016359999999,40.7413859,2
794340,2006.0,26347972.0,-73.96694409999999,40.756393599999996,2
794349,1975.0,73449900.0,-73.965301,40.758018,3
794350,1983.0,43946642.0,-73.97206059999999,40.795230200000006,3
794489,1926.0,122249250.0,-73.99117209999999,40.7491464,0
794491,1972.0,310134600.0,-73.9923737,40.7512626,3
794493,2013.0,81313650.0,-74.0036093,40.7518475,2
794509,2015.0,41775884.0,-73.9830688,40.7524199,2
794512,2017.0,5056200.0,-73.9800627,40.750887899999995,2
794519,1953.0,66463650.0,-73.9784207,40.7503304,3
794520,1970.0,64347300.0,-73.97595240000001,40.7493583,3
794522,1977.0,51786000.0,-73.9796401,40.7402464,3
794526,1975.0,96582600.0,-73.9782398,40.7405865,3
794529,2009.0,164799460.0,-73.97900059999999,40.765500700000004,2
794540,1987.0,81318150.0,-73.9825528,40.7659734,3
794543,1983.0,29122655.0,-73.9805937,40.77424570000001,3
794546,2013.0,163483650.0,-73.9929671,40.7714311,2
794586,1967.0,113108400.0,-73.96790340000001,40.758298700000005,3
794587,1971.0,301503600.0,-73.982848,40.754824299999996,3
794590,1957.0,168595200.0,-73.97166209999999,40.7640362,3
794617,1986.0,17005959.0,-73.9631839,40.7613467,3
794639,1985.0,44764256.0,-73.9487897,40.7828517,3
794641,1970.0,37652400.0,-73.9518333,40.7783846,3
795291,1970.0,426956861.0,-73.9816122,40.7599705,3
795303,1987.0,267936297.0,-73.9855071,40.7599766,3
795304,2006.0,46178108.0,-73.98744190000001,40.759847799999996,2
795366,1928.0,54700650.0,-74.0112385,40.7046838,0
795370,1932.0,506311200.0,-73.97858740000001,40.75953079999999,0
795375,1978.0,380847236.0,-73.97003659999999,40.7583981,3
795411,1988.0,140302338.0,-73.9892147,40.7346429,3
795412,1986.0,25298991.0,-73.9817517,40.7515881,3
795417,1987.0,29274788.0,-73.98089329999999,40.7620454,3
795428,1983.0,30574800.0,-73.9649098,40.7604799,3
795440,1982.0,35651686.0,-73.97067709999999,40.763028600000005,3
796477,1969.0,176604299.0,-74.01202070000001,40.702153100000004,3
796480,1931.0,3935250.0,-74.00885090000001,40.7051314,0
796486,1986.0,193659300.0,-74.01588259999998,40.714032,3
796487,1987.0,306092700.0,-74.015305,40.71245379999999,3
796746,2020.0,44037000.0,-74.00498809999999,40.7532335,2
796758,2020.0,8390700.0,-74.0047571,40.753401000000004,2
796815,2015.0,108867150.0,-73.9855843,40.753375399999996,2
796831,1990.0,144682746.0,-73.9833363,40.750811600000006,3
796832,2001.0,49020934.0,-73.9857073,40.7519702,2
796841,1902.0,127350900.0,-73.982477,40.752049299999996,0
796850,2005.0,10857600.0,-73.98339449999999,40.7490604,2
796908,1963.0,103240800.0,-73.9750755,40.748949100000004,3
796909,1974.0,40741650.0,-73.9756836,40.7442859,3
796960,2005.0,74141100.0,-73.9816954,40.7724344,2
796961,1960.0,94049991.0,-73.98162049999999,40.7691078,3
796962,1974.0,27983250.0,-73.98313279999999,40.7707301,3
796966,1986.0,7947002.0,-73.979901,40.772642700000006,3
796987,2019.0,1030950.0,-73.9800237,40.7726949,2
797007,1985.0,10627215.0,-73.982637,40.7752753,3
797046,1927.0,26757450.0,-73.9810035,40.780652,0
797144,1917.0,15012450.0,-73.9791599,40.75245220000001,0
797152,1957.0,106938900.0,-73.9710356,40.7604294,3
797155,1966.0,67724550.0,-73.96996120000001,40.757558200000005,3
797162,1960.0,90886500.0,-73.9725233,40.750392299999994,3
797168,1980.0,35058600.0,-73.9714064,40.754218200000004,3
797171,1980.0,59459850.0,-73.9705397,40.7553872,3
797185,2012.0,14178600.0,-73.9694382,40.7566495,2
797187,1982.0,107022150.0,-73.96919609999999,40.757217600000004,3
797190,1977.0,37657800.0,-73.96679540000001,40.757848200000005,3
797191,1970.0,232600500.0,-73.967589,40.7589628,3
797214,1977.0,13723650.0,-73.9692385,40.751335600000004,3
797226,1968.0,55290150.0,-73.96460350000001,40.7594835,3
797235,2015.0,27045902.0,-73.9550947,40.7556018,2
797356,1969.0,14616000.0,-73.9641358,40.7700917,3
797400,1987.0,18507156.0,-73.96123270000001,40.7770542,3
797446,1972.0,35109900.0,-73.95559759999999,40.780796,3
797455,1973.0,10975050.0,-73.9562548,40.7808703,3
797521,1989.0,9305552.0,-73.9475979,40.782974700000004,3
798774,1927.0,43590600.0,-73.9725428,40.7643081,0
799237,1967.0,45891000.0,-73.95473249999999,40.7786685,3
799474,1992.0,18192600.0,-73.9871575,40.6995839,3
801109,1998.0,38525400.0,-74.01467149999999,40.71826179999999,2
801120,2012.0,9900000.0,-74.0049557,40.7058975,2
801313,1915.0,130661550.0,-74.0105213,40.7082192,0
801334,1987.0,72773104.0,-73.9635575,40.764775,3
801531,2009.0,96555155.0,-73.98082609999999,40.757184499999994,2
801535,1977.0,44412300.0,-73.96919559999999,40.7505095,3
802352,2014.0,10630800.0,-73.98577540000001,40.754424,2
802359,2006.0,14659200.0,-73.9930734,40.756387100000005,2
803166,2010.0,70494300.0,-73.9428573,40.7486796,2
806409,2012.0,22627350.0,-73.97847390000001,40.7645537,2
812615,1947.0,121568850.0,-73.9777173,40.7600494,0
817038,1969.0,97752150.0,-73.96312490000001,40.7570978,3
820517,0.0,900.0,,,1
820671,1990.0,47519097.0,-73.9550257,40.7668525,3
821001,1967.0,74340681.0,-73.97283829999999,40.7480017,3
821241,1929.0,55565100.0,-73.9798199,40.7541706,0
821244,1931.0,42410250.0,-73.97368540000001,40.7597302,0
824872,1985.0,9393743.0,-73.9713057,40.7533426,3
826139,2001.0,31880700.0,-73.9918728,40.744839899999995,2
826449,2017.0,0.0,,,2
828185,1969.0,204495300.0,-73.8283619,40.875012700000006,3
830237,2016.0,35993633.0,-74.0127686,40.7091027,2
833760,1969.0,8078400.0,-73.967338,40.7923552,3
833905,1979.0,55342800.0,-73.9604321,40.769316499999995,3
836009,1988.0,13691250.0,-73.96125759999998,40.7590652,3
836436,1948.0,55665900.0,,,0
836448,1987.0,68760900.0,,,3
836453,1990.0,172276200.0,,,3
836646,1956.0,231855300.0,-73.9541429,40.7644532,3
836900,2017.0,67132800.0,-73.96331090000001,40.720858899999996,2
836932,2005.0,32171886.0,-73.9835738,40.695049100000006,2
837137,2013.0,17749800.0,-73.98861579999999,40.755615500000005,2
837159,1971.0,31687200.0,-73.98075870000001,40.7529987,3
837314,2011.0,58383450.0,-73.9828853,40.6940773,2
839472,1977.0,31813200.0,-73.96639880000001,40.7569533,3
841008,2016.0,16098300.0,-73.9837804,40.690792,2
842007,1971.0,61022700.0,-73.97531690000001,40.75981289999999,3
845270,1970.0,66332250.0,-73.97955429999999,40.737748700000004,3
845334,1989.0,155332350.0,-74.01658559999998,40.712618299999995,3
845434,1999.0,37278000.0,-73.99173940000001,40.7436898,2
845489,1977.0,18780750.0,-73.98700579999999,40.7746583,3
848858,2019.0,1405800.0,-73.962891,40.710371,2
853646,2015.0,34887150.0,-73.9780993,40.76193789999999,2
853648,1966.0,81416700.0,-73.9777778,40.76257460000001,3
853929,2005.0,38836357.0,-73.98551390000002,40.7451275,2
855445,1977.0,31336650.0,-73.952651,40.77602720000001,3
